VOGAL,F1,F2,AMOSTRA
a,487.0560243128,1666.1994257558,PBSP
a,685.6312226028,1413.6598495282,PBSP
a,731.1140611517,1168.3211395452,PBSP
a,620.9227313898,1274.8812351905,PBSP
a,845.1943577343,1574.2857017859,PBSP
a,763.6359851752,1487.5813166426,PBSP
o,625.6385382856,1035.3827699462,PBSP
a,823.957780812,1453.7712372298,PBSP
a,780.0340372226,1462.1124118302,PBSP
a,622.5131714499,1475.4188525467,PBSP
o,578.7719976665,1297.0171170757,PBSP
a,774.8777215459,1355.383034566,PBSP
a,654.0683463869,1254.0217065528,PBSP
i,379.1975389704,1963.861494029,PBSP
e,613.2595958037,2014.4853797775,PBSP
o,552.6748808551,1004.1855721775,PBSP
e,656.1135526619,1847.628019128,PBSP
a,827.4988403611,1355.4979792399,PBSP
o,547.8059171514,1059.7599941606,PBSP
a,706.0809048347,1595.7993005344,PBSP
a,626.5558285525,1417.5553999866,PBSP
a,670.2465405197,1558.8313536178,PBSP
a,812.3867366194,1507.2659161951,PBSP
i,502.1722663254,1840.2531994226,PBSP
i,386.7218028634,1762.3632113692,PBSP
i,422.5200446178,1905.6127449739,PBSP
a,743.1270893143,1507.4563153777,PBSP
i,425.868089142,1865.230827013,PBSP
a,649.4521258942,1669.7239306857,PBSP
o,586.4898057442,1120.1710061334,PBSP
u,371.0027030064,1081.3918205514,PBSP
o,688.8945787749,1251.5219523816,PBSP
u,550.1258133279,925.4450251878,PBSP
o,560.6294718362,994.6518608068,PBSP
i,394.5485774777,2326.5612993585,PBSP
a,549.408348022,1301.6805985956,PBSP
i,413.6427546465,1675.4442987558,PBSP
o,529.5428523726,1113.4735680887,PBSP
a,500.627804135,1325.8089752758,PBSP
u,388.3634554815,886.7193200482,PBSP
u,461.6540370036,1089.5022169643,PBSP
o,616.8070083591,1184.680242203,PBSP
e,573.4596370377,2413.2052161292,PBSP
a,642.528162512,1361.1807323264,PBSP
a,660.2071397865,1344.2362401464,PBSP
a,631.3366027618,1583.0807525148,PBSP
e,735.1502158298,1656.3511841911,PBSP
i,485.8002845783,2287.6914079959,PBSP
i,442.8611788161,2126.694599193,PBSP
o,699.1497017182,966.990219043,PBSP
e,566.929840443,1375.4240084675,PBSP
a,580.3807769789,1498.2270509129,PBSP
a,707.2108803169,1339.5680415354,PBSP
a,751.3070328734,1593.8988040378,PBSP
e,606.5336179227,2003.9659685936,PBSP
o,563.0503898471,918.8109877558,PBSP
e,526.4144405898,1945.53331514,PBSP
a,669.0111742089,1309.181107386,PBSP
a,718.24360753,1721.5394611589,PBSP
e,629.3687078311,2283.0582439794,PBSP
u,444.0439443879,1039.1177984395,PBSP
a,787.7517119896,1597.7327652282,PBSP
e,495.2315482087,1688.0926513556,PBSP
u,439.0983447278,959.2417659281,PBSP
i,545.1883893158,1674.8827702376,PBSP
i,514.7819893274,1661.6841545926,PBSP
i,420.484988669,1924.4660877588,PBSP
e,527.9039003362,1932.7849110152,PBSP
e,617.3676862044,1984.2325634743,PBSP
u,412.2787714693,842.9147449543,PBSP
i,404.6621234463,1998.6597228243,PBSP
e,561.9391907677,2113.8974355097,PBSP
u,472.1631459086,1084.4660465461,PBSP
u,376.3581235881,983.7309093357,PBSP
u,370.5510778418,1056.3054684582,PBSP
e,584.8730028974,1989.7459201984,PBSP
i,550.8318067367,1852.9874908836,PBSP
i,434.9047010765,1482.0386585098,PBSP
o,586.5775594604,1009.3559222792,PBSP
i,421.6857353717,1902.412055124,PBSP
o,656.2940398952,1098.0485122044,PBSP
o,600.6593398332,1236.0444192641,PBSP
u,379.3103461602,1125.1782073235,PBSP
u,399.4785964217,866.6435320288,PBSP
u,417.9740592858,1044.9247261083,PBSP
o,722.2267436971,1132.6089144229,PBSP
e,623.2664871774,2196.6147727923,PBSP
o,565.1251633431,1133.966981912,PBSP
i,552.5128124613,1741.2813395681,PBSP
e,721.7156801177,2118.1304937785,PBSP
i,423.4912006621,1650.212745421,PBSP
i,457.0870273035,2110.6549335556,PBSP
i,451.1955126932,1806.3197544513,PBSP
e,540.8437144714,1721.5633434253,PBSP
o,584.5546080321,1029.8720849014,PBSP
e,631.0214050585,1715.0557143587,PBSP
e,565.0561808898,2052.5492679609,PBSP
e,665.3234066928,1775.4104596394,PBSP
o,598.181147806,1166.8192503291,PBSP
o,593.8571160091,1158.7544217025,PBSP
i,387.432268433,1581.9131613282,PBSP
e,669.9594475947,2108.7463593725,PBSP
i,471.518220042,1771.8105771258,PBSP
o,529.1605355486,1315.4021085854,PBSP
o,647.7361359627,951.1213525644,PBSP
u,426.5090232716,1087.5417433846,PBSP
o,653.4718514452,1115.2998798498,PBSP
i,427.0843401435,2249.3955064554,PBSP
e,649.1372643051,2123.5735303833,PBSP
u,491.7170960664,944.1878269127,PBSP
u,496.0468023517,1005.0308461107,PBSP
u,400.1182444286,1245.7343807419,PBSP
e,524.2121069892,2076.7079052011,PBSP
o,601.2892639525,1153.1744764516,PBSP
o,569.9262794451,1172.6453712548,PBSP
e,486.3921492459,2266.5179460794,PBSP
i,426.6238995503,2355.1257514255,PBSP
e,682.0417517244,2015.1203941391,PBSP
i,509.5846421229,2273.0303396467,PBSP
e,496.2717130207,2225.8698553972,PBSP
e,590.2113209207,1692.1064525642,PBSP
i,322.8078856492,1699.2442405999,PBSP
o,662.9763240239,1101.8021581888,PBSP
o,641.8835499465,1229.8376116455,PBSP
e,464.3513088374,1630.4630601778,PBSP
e,503.5534449447,2078.9553071924,PBSP
o,764.488143442,856.7494145733,PBSP
i,352.8099668551,1926.5761296886,PBSP
i,508.2793398593,1761.6957824437,PBSP
i,407.3906411603,1766.8313950906,PBSP
o,514.1157482999,931.3642069981,PBSP
o,570.9340525147,942.2247204287,PBSP
e,490.8458032472,1954.867888142,PBSP
e,630.1731986301,2182.3946345235,PBSP
u,438.6498679514,976.7727158474,PBSP
o,595.1020970024,1167.1454791624,PBSP
o,668.8982698411,1146.5247810105,PBSP
o,604.7120814155,1262.939643017,PBSP
e,643.0655238279,1432.83063175,PBSP
e,559.6330647113,1858.8242801305,PBSP
o,687.4569614571,1063.7418321972,PBSP
e,522.6013504463,1914.0925963914,PBSP
o,634.2954203094,1147.2701538455,PBSP
o,512.2787623085,911.6507266689,PBSP
e,559.7547512139,2056.7175385381,PBSP
o,620.0982606317,1146.7585333607,PBSP
o,626.9200599961,1044.1538543747,PBSP
e,699.236346289,2032.0918078859,PBSP
e,566.8097371246,2204.8398025243,PBSP
o,408.8006434281,1160.1420227344,PBSP
o,589.8134485363,1073.8454126571,PBSP
o,585.5743791089,1103.4216148944,PBSP
o,567.6931144253,1057.8162044281,PBSP
e,545.1026568478,2202.9963350134,PBSP
e,529.8389592825,2026.100364513,PBSP
e,549.3644805582,2314.6960986189,PBSP
e,572.8540707337,1808.2491390914,PBSP
o,577.2141183281,1092.6871826159,PBSP
e,567.0960918304,1790.2271768587,PBSP
e,644.4600891562,2052.0458419846,PBSP
o,571.4665485099,1054.4936335574,PBSP
e,651.6946817182,1999.9770048019,PBSP
e,538.3025230275,1829.4365745992,PBSP
e,550.356660728,2100.041733228,PBSP
o,673.8249546607,1139.5142298938,PBSP
e,535.4928090478,1907.5826234282,PBSP
e,565.7797102709,2103.7157110146,PBSP
e,495.6241420393,2112.0433111572,PBSP
e,497.9045244235,2165.9381162071,PBSP
o,577.6686077614,1412.906936334,PBSP
o,623.1182087311,924.5743085589,PBSP
o,667.843883336,1298.6358735479,PBSP
o,527.4887174288,1157.0723731809,PBSP
o,524.5974286991,1168.5799978859,PBSP
o,462.3395080798,1048.2233183226,PBSP
a,867.3617258293,1458.4325416077,PBSP
a,800.9778954468,1488.9631698395,PBSP
a,890.2005880593,1547.958735955,PBSP
i,275.9020253532,1918.9165752196,PBSP
a,944.4013017749,1661.5630218357,PBSP
a,873.9202125945,1448.5673182966,PBSP
a,839.4205790696,1347.1237944293,PBSP
a,812.4039184611,1512.0386962305,PBSP
a,905.0556997536,1507.0861470855,PBSP
i,446.7457988312,2279.9891953624,PBSP
a,866.9694908699,1626.3811835898,PBSP
a,825.6850253256,1773.7325562028,PBSP
e,685.6587783187,1997.1400491683,PBSP
u,488.1585049198,833.7503212209,PBSP
a,714.5080014387,1751.4476047387,PBSP
a,768.8928799333,1761.0759905701,PBSP
a,824.2100543089,1301.0741525304,PBSP
o,682.0330112958,909.6062780411,PBSP
a,876.6038975035,1429.6426100514,PBSP
u,441.3519999659,672.9082739679,PBSP
a,735.5487272699,1384.7417242382,PBSP
a,864.1539065355,1563.9733015419,PBSP
e,606.1126548815,1854.1529807308,PBSP
a,678.2093703856,1631.8376892726,PBSP
i,349.9315984254,1586.6769417764,PBSP
a,852.4273614836,1481.5793981434,PBSP
a,937.7620526075,1559.3895415875,PBSP
a,1036.4401064674,1595.1292189013,PBSP
a,823.682224657,1568.8517580687,PBSP
o,761.9870404334,1249.172048099,PBSP
o,764.2359338367,1169.8421381532,PBSP
e,747.2236593907,1804.817903521,PBSP
a,854.5241921924,1577.5974184286,PBSP
o,824.2580287173,1283.8358371699,PBSP
u,533.3992295842,806.4932873794,PBSP
i,381.2259693536,2410.5134134308,PBSP
o,747.2325097453,1274.0285211122,PBSP
a,627.6299558444,1733.4522850457,PBSP
o,769.2215333011,1349.5001474678,PBSP
o,694.3141714564,976.7343492832,PBSP
o,611.780856178,1229.7251603729,PBSP
u,534.536080255,1050.6164139319,PBSP
i,488.1874254282,1826.2727422482,PBSP
i,312.209424948,1905.1471998235,PBSP
o,797.6967019228,1044.3983078523,PBSP
o,683.1948507052,1293.8376126314,PBSP
e,613.0298712314,1829.1162834619,PBSP
u,444.9820257839,1332.7341359407,PBSP
o,811.28691442,1345.9741639668,PBSP
i,229.8858533484,1784.9393718579,PBSP
i,375.061603771,2242.6388531079,PBSP
u,502.6463315449,992.2601122121,PBSP
u,726.2045527248,1253.8546519814,PBSP
a,763.4627643332,1354.9496803034,PBSP
i,368.3482044246,1989.4069719542,PBSP
a,767.2045964493,1571.9488126656,PBSP
a,908.7085264088,1531.6922189614,PBSP
a,681.8905564851,1376.1549549873,PBSP
e,762.8499373476,1836.5613013605,PBSP
a,799.539320659,1585.284493647,PBSP
e,758.8384367167,2071.4062943849,PBSP
i,285.7650126252,1893.0911252351,PBSP
o,755.0978698589,880.7888975667,PBSP
a,832.943604101,1404.2256352788,PBSP
u,351.8192806304,987.3876640784,PBSP
a,829.8207683553,1494.311539629,PBSP
i,336.0000085892,1867.3122253386,PBSP
e,797.8320698771,1821.5050239731,PBSP
e,549.4984973319,1838.8333292895,PBSP
o,585.5718726126,1137.9558349138,PBSP
e,698.5775513704,2002.9698017049,PBSP
e,653.0664268292,1939.8740706634,PBSP
u,695.4685929779,1105.0358151347,PBSP
o,727.947384207,1383.3687938722,PBSP
o,696.5299866673,972.6814021222,PBSP
o,746.0821552157,1143.3027096355,PBSP
o,617.571069862,963.2557898291,PBSP
o,712.378662761,1079.7445678265,PBSP
e,601.0255195635,1790.3925618935,PBSP
o,818.9325707184,1155.6508850463,PBSP
o,681.2864256503,1268.8404481902,PBSP
e,446.2433941226,2072.7031370795,PBSP
i,334.1443405768,1964.6617221006,PBSP
i,448.8690077785,1972.0498834893,PBSP
e,669.3725315396,1717.6298139423,PBSP
i,401.7996050652,1691.8884752481,PBSP
i,372.1813578567,1836.7930092583,PBSP
i,484.1143720408,2039.071061818,PBSP
e,724.4179771898,1709.6978191752,PBSP
u,593.2876559583,1236.3227318633,PBSP
e,675.8200805754,1771.9263027842,PBSP
i,332.6533056112,2044.2992786454,PBSP
i,122.5175150495,2091.9308610061,PBSP
u,472.9599016428,1050.7660401161,PBSP
e,654.0579764744,1716.746529378,PBSP
e,700.3213376504,1870.2625635483,PBSP
e,636.999732478,1767.0255205486,PBSP
i,320.8954963956,2403.69926646,PBSP
u,348.4747168386,1172.3885957059,PBSP
e,621.3075354851,1608.6583303093,PBSP
i,434.9540839043,2593.533076507,PBSP
i,328.7466752753,2198.7221202365,PBSP
e,599.632095796,2125.616550333,PBSP
i,391.3427225693,2024.160295491,PBSP
i,411.0578425358,2173.9788439831,PBSP
e,657.1889057244,1626.1097837513,PBSP
e,399.4666137299,2217.7037434134,PBSP
e,896.8708684731,2102.9489654796,PBSP
o,783.4963105855,1229.6337246981,PBSP
e,523.6171940258,2158.0550688477,PBSP
i,500.7575508405,2260.7298918739,PBSP
e,659.1351146856,2133.5075823386,PBSP
i,486.3281088917,2120.8184463438,PBSP
e,572.2952675974,2174.9963287,PBSP
o,530.998833078,802.3056701269,PBSP
e,644.8332768569,1967.4932769273,PBSP
e,623.9422204218,1712.1312488113,PBSP
o,752.3070490296,1164.2554295953,PBSP
i,344.5435037575,2217.9715396142,PBSP
e,660.914742203,2129.3995169155,PBSP
i,304.7853933122,2020.864492478,PBSP
i,310.0537198782,1987.6841630669,PBSP
i,427.2903275648,2206.847475036,PBSP
o,542.8335694852,1337.7291539758,PBSP
u,487.2500417532,771.6269861081,PBSP
o,548.6646270353,1138.1197083043,PBSP
e,844.5082330989,2009.0816992324999,PBSP
o,635.1235014145,1452.1937842137,PBSP
o,764.8687700392,1292.4631023225,PBSP
u,539.368525253,1156.192234902,PBSP
u,515.0388008386,1287.029309839,PBSP
o,632.7260242402,883.7393587937,PBSP
o,678.8951146616,814.0855388689,PBSP
o,666.6249652643,1475.8774712938,PBSP
o,853.1238513892,1283.0029605946,PBSP
o,553.8592491538,1650.2324640186,PBSP
e,742.8819443874,1765.5046417774,PBSP
e,811.177757862,1901.3651581222,PBSP
o,695.4095603956,1111.7772659324,PBSP
e,658.2446065312,1742.379858217,PBSP
e,730.8055705325,1838.0736133884,PBSP
e,527.1322584982,2190.4821156076,PBSP
e,762.4581959969,1852.4166323895,PBSP
o,725.4539924308,995.7463073257,PBSP
e,832.8580039078,2043.3360794179,PBSP
e,655.3889681683,1609.936023009,PBSP
e,705.5978556478,1917.389960652,PBSP
o,690.4389112359,1215.1659465565,PBSP
o,639.899252727,993.6785454619,PBSP
e,678.9132082146,2184.1145293925,PBSP
o,681.1586258193,839.4783451174,PBSP
o,680.1020544289,1117.5201125296,PBSP
e,625.6315264075,2026.1574182731,PBSP
e,541.4305017385,1893.0309841068,PBSP
o,673.235191318,954.6555830943,PBSP
e,795.9209340605,1985.1738082434,PBSP
e,531.2190782371,1727.1893620629,PBSP
e,613.438603443,2163.2613847676,PBSP
e,670.0963095389,2027.6598618,PBSP
e,694.6112137152,1930.03025709,PBSP
o,900.6926139608,1277.3107964547,PBSP
e,571.5463027572,2117.54457071,PBSP
o,726.1646897555,1244.752678046,PBSP
a,1029.6635570042,1586.9564581092,PBSP
i,456.3959496874,2507.8721285977,PBSP
a,1027.4478757891,1420.5842933106,PBSP
o,847.6901163227,1236.7220738595,PBSP
a,966.2902639093,1500.4446572197,PBSP
i,379.9313909411,2203.3063293473,PBSP
a,1095.4180536055,1392.7067606541,PBSP
a,866.9857401578,1693.3098360744,PBSP
i,457.8057896506,2367.605954998,PBSP
e,1064.7067826024,2460.0350939878,PBSP
a,633.188497952,1616.0140832353,PBSP
a,748.4644420081,1687.7528810385,PBSP
a,781.0851209343,1451.8216605261,PBSP
o,762.4897367636,1218.0405281665,PBSP
o,771.719878296,1155.3877242655,PBSP
a,877.8746094456,1419.0926208785,PBSP
u,468.0493909421,1365.9170586545,PBSP
e,766.357914052,2064.9000074619,PBSP
a,880.8206901894,1442.3557597778,PBSP
a,736.0633656851,1711.3141794419,PBSP
u,407.6329617188,1142.4813181477,PBSP
u,624.358534533,790.0233559214,PBSP
u,361.8214160656,1314.9455768723,PBSP
e,573.0125811763,1975.3394548529,PBSP
i,453.9313149809,2232.3213892133,PBSP
i,254.1343871807,1743.4639009324,PBSP
a,824.2167160027,1502.509626624,PBSP
a,809.2855628182,1422.6358734038,PBSP
o,741.5584569786,1284.806974104,PBSP
a,557.7111079111,1252.0590338226,PBSP
e,634.7125766063,1923.3498767716,PBSP
a,821.3343997618,1317.7587099493,PBSP
a,824.5148582117,1475.4239130643,PBSP
a,751.1118841354,1705.722616423,PBSP
o,646.085552379,1254.7561686981,PBSP
a,776.4771596792,1556.95394818,PBSP
i,305.2421865169,1782.0547090564,PBSP
e,641.5047826625,1751.0691742579,PBSP
a,897.3815758797,1742.9510897889,PBSP
a,969.2181938764,1409.7751288246,PBSP
a,540.9305448242,1825.8320009237,PBSP
o,799.4888028356,1215.1786017333,PBSP
a,549.5739430329,1576.5010053886,PBSP
u,456.0418013884,1035.7821626094,PBSP
u,455.3748885935,1295.7443710069,PBSP
o,528.8914967176,1255.256919611,PBSP
a,887.4026578271,1603.9344294933,PBSP
u,509.195758184,1116.7838909543,PBSP
a,994.4088630524,1449.11447107,PBSP
e,582.4055521442,1689.3879022938,PBSP
i,447.5953962119,2431.6395231175,PBSP
a,937.7885462367,1361.439769643,PBSP
e,722.5099653298,1942.3516236923,PBSP
u,400.54122442,1173.1998022353,PBSP
a,1047.0146729769,1409.9900224067,PBSP
e,837.0104724303,2161.7378743344,PBSP
a,937.113988633,1486.588424303,PBSP
a,880.9162140326,1820.2011154145,PBSP
a,912.9377639655,1515.8085845684,PBSP
a,849.7142959829,1764.9751948425,PBSP
e,577.6245478602,1858.3904012994,PBSP
i,489.7178178525,1968.7736291967,PBSP
e,700.3631682385,1709.0838982926,PBSP
e,601.2896885889,1971.921750314,PBSP
o,771.4763223572,1233.3127792515,PBSP
o,718.0897274663,1094.2682894524,PBSP
e,776.6882714707,1819.6192193544,PBSP
i,459.6811407386,2079.7485711172,PBSP
e,658.3564262175,1791.2899692834,PBSP
i,731.6210137357,2240.0287255864,PBSP
i,754.3294003555,1697.677307031,PBSP
i,433.3329691357,2297.7244958245,PBSP
u,526.5385374838,1245.7528399484,PBSP
u,440.910299368,1281.0354303335,PBSP
u,439.0784439362,1296.0773207045,PBSP
e,782.2554049073,1980.5372835382,PBSP
o,781.1938896063,1182.6366231551,PBSP
e,685.5122758441,2136.7207164044,PBSP
u,472.5224521271,1248.3914130901,PBSP
o,815.1942448821,1307.30432392,PBSP
i,478.3287963146,1712.2292115948,PBSP
i,450.7005406715,2122.9133240237,PBSP
u,397.141380037,1212.3230983116,PBSP
i,399.6569765299,1923.1229366632,PBSP
o,759.1041687459,1311.0308825357,PBSP
u,185.7948429919,1086.929976811,PBSP
i,618.3499481342,2105.5563565746,PBSP
e,592.8518522963,2006.7777729438,PBSP
o,602.7554540311,1262.4390842784,PBSP
i,290.439485353,1858.5461430082,PBSP
o,728.7381128765,1160.9746137365,PBSP
e,598.9159170821,1828.6657356927,PBSP
o,782.1406719562,1271.404562639,PBSP
o,395.5216820195,1124.6898700234,PBSP
i,547.8002285658,2211.5907372876,PBSP
e,715.2386400955,1999.1481246525,PBSP
o,870.2348977977,1230.3426252687,PBSP
i,667.1779056749,1905.8656091117,PBSP
e,861.2415089789,1436.7614902476,PBSP
i,471.4797584951,1808.9005003758,PBSP
u,426.0825540881,1281.5784392081,PBSP
e,607.4828073468,2327.0784838972,PBSP
e,947.2028385045,1933.7694757197,PBSP
i,467.2804592856,1800.733432819,PBSP
i,439.7974337362,1989.3953574917,PBSP
e,558.4508355396,1860.1446779326,PBSP
i,388.1386100579,2591.9950959748,PBSP
i,370.7199865813,2052.1109270246,PBSP
i,481.3453917116,1870.6742793631,PBSP
e,638.3610330858,1853.8469333406,PBSP
i,381.4148056309,2240.9444691186,PBSP
i,373.4720298958,1919.3483104116,PBSP
i,401.0299079555,2397.9327827131,PBSP
o,768.3020219395,1250.3619220549,PBSP
e,558.0723239287,2041.8222720871,PBSP
e,751.5314902396,2256.9988218632,PBSP
u,591.5342487099,1171.0256269862,PBSP
e,777.3748388268,1769.6680109465,PBSP
o,608.2843472374,1225.7791751723,PBSP
e,756.5828057444,2134.2708742386,PBSP
e,560.163874181,2149.4054875265,PBSP
o,795.952791825,1137.8996642387,PBSP
e,1008.0414416119,1980.5989781395,PBSP
i,451.484882195,1899.2880704513,PBSP
o,878.1179713393,1254.6322660309,PBSP
o,865.5816597892,1264.7073131076,PBSP
o,627.8336395457,1172.3795453132,PBSP
o,679.9872352502,1192.597707388,PBSP
e,951.8992109582,1884.8600686271,PBSP
o,775.9373234517,1216.025579057,PBSP
e,857.2279248171,1974.0443120478,PBSP
e,716.745683144,1885.4803463661,PBSP
e,645.3324182322,2015.5183841841,PBSP
o,874.3901503807,1242.3333477645,PBSP
o,894.6665288429,1277.3747111296,PBSP
u,394.0593033898,1248.6345950164,PBSP
o,693.2325427807,1305.6435716013,PBSP
e,766.6967892538,2004.7550768462,PBSP
o,765.4879414553,1301.7176511222,PBSP
e,752.2300549723,2080.7608846202,PBSP
e,797.9906168354,1978.0342760272,PBSP
e,621.3349639202,2004.3076637043,PBSP
u,336.4512901918,881.8210339273,PBSP
e,496.4025311299,1892.105624893,PBSP
o,777.6933445749,1204.8394383624,PBSP
o,729.0614769968,1152.2743945819,PBSP
e,484.8164611411,1911.4690798939,PBSP
o,869.4938743661,1274.5256380325,PBSP
o,757.340685412,1189.0348204331,PBSP
e,737.2914963047,1975.5651609493,PBSP
e,696.465891934,2259.6733175966,PBSP
e,735.489883049,2136.1722005304,PBSP
e,730.6248342242,2121.6963627678,PBSP
o,852.6834140016,1230.6200966445,PBSP
o,668.367599123,1167.3596132636,PBSP
e,740.6642589411,2091.4274042161,PBSP
e,711.2676799935,1919.1550473128,PBSP
e,751.0142616541,2109.165358361,PBSP
o,1026.7089337502,1391.3529376828,PBSP
e,629.5715433374,2010.6997697985,PBSP
e,1021.440596589,2117.3433879011,PBSP
o,781.4989831173,1265.8346064036,PBSP
o,754.6616063728,1244.5674276121,PBSP
o,890.0687887311,1250.9361411017,PBSP
e,622.775058764,2096.7027073963,PBSP
o,726.1898049284,1163.588298039,PBSP
e,541.9980665107,2161.3757666247,PBSP
o,909.6387347372,1286.6209727441,PBSP
o,776.657038956,1378.6277274746,PBSP
o,737.1310650537,1181.4322069224,PBSP
o,811.6211005985,1283.9687385595,PBSP
o,585.4391791338,1317.7584007371,PBSP
o,839.7007195575,1235.9690523638,PBSP
o,827.4063306998,1168.1171743037,PBSP
o,694.9507826504,1455.6941887286,PBSP
o,689.3186678538,1223.8716276203,PBSP
a,760.8207330822,1129.7215545824,PBSP
a,768.3769259016,1182.1844955825,PBSP
a,679.8233496596,1246.0522271223,PBSP
a,538.1754600886,1259.5855010718,PBSP
a,671.8163224173,1259.6357829691,PBSP
i,495.2749144692,1828.3054808011,PBSP
i,422.6491333636,1591.8846211647,PBSP
e,544.7633072708,1709.9922292698,PBSP
a,726.4220851058,1234.4703406702,PBSP
e,598.7933475064,1816.8959073052,PBSP
a,691.8372891666,1349.9279145993,PBSP
a,764.7775187201,1405.1792453397,PBSP
u,415.7095413667,1188.918626232,PBSP
a,584.901817801,1401.8587632176,PBSP
a,657.4272526059,1494.8619540073,PBSP
u,425.2705305754,1132.5212507001,PBSP
a,704.3417105543,1497.6814401427,PBSP
i,420.7761889499,1661.814603719,PBSP
a,647.0837939041,1290.4091710041,PBSP
a,670.0499557895,1385.5837246273,PBSP
a,649.2425788536,1327.4918062349,PBSP
a,709.6828863491,1263.6861865105,PBSP
a,627.2895371659,1312.4699604061,PBSP
e,493.8398565025,1434.2776982412,PBSP
a,638.8901002823,1263.9695784203,PBSP
a,594.3864401597,1192.9888572237,PBSP
u,417.1334935692,1229.6761667937,PBSP
a,637.7552885494,1337.3022471643,PBSP
a,616.4843718044,1572.4638993011,PBSP
a,650.4736486119,1184.8792646327,PBSP
a,581.1750090145,1255.3087441177,PBSP
e,692.5698994345,1626.3201079748,PBSP
a,792.557693826,1229.0684285248,PBSP
a,684.5824331204,1314.0607804564,PBSP
a,683.4104493382,1310.3544255125,PBSP
a,680.7203838711,1596.2684105588,PBSP
a,743.2705833895,1503.9512160812,PBSP
u,405.0899500848,1184.1160128161,PBSP
i,461.6739042334,1847.0368206198,PBSP
e,630.3338703721,1725.1258431777,PBSP
e,592.6298669511,1705.3765283248,PBSP
e,459.5791101929,1871.2939223377,PBSP
u,448.5299062884,1224.9938439479,PBSP
i,444.1610089651,1669.1655873278,PBSP
e,423.3274463031,1622.6007433783,PBSP
u,567.2748699759,1156.8280400727,PBSP
i,452.4991821585,1866.9166212792,PBSP
a,630.9044943867,1241.6521912689,PBSP
u,432.2818359046,1146.5609395544,PBSP
u,380.0885910756,1212.8419244051,PBSP
i,470.9634793033,1960.0211628362,PBSP
a,664.6805582929,1421.5019071923,PBSP
e,548.8788839969,1625.5728095686,PBSP
a,573.2380186561,1467.4853469922,PBSP
e,492.4702305775,1623.6626356269,PBSP
e,607.426890481,1581.7965704078,PBSP
i,471.4348333854,1797.1155910983,PBSP
e,571.6356626443,1684.4079776375,PBSP
e,624.7226492473,1700.3355520336,PBSP
e,464.241309157,1599.55232763,PBSP
u,450.6342118525,1164.639348945,PBSP
i,440.4762759235,1905.7302955335,PBSP
i,435.1941934856,1917.3858670574,PBSP
i,438.5962239587,1794.1456723653,PBSP
i,491.7226654755,1715.1358268337,PBSP
i,441.3496539934,1530.1511411736,PBSP
i,364.4423139477,1500.859625404,PBSP
e,598.32919946,1833.8305386826,PBSP
e,551.4142658331,1919.5466199083,PBSP
e,437.5740830908,1873.4202497834,PBSP
e,684.0578443746,1503.5018383909,PBSP
e,532.636066454,1561.8611140333,PBSP
i,578.2919382095,1535.9559607737,PBSP
u,456.0268993172,957.994636821,PBSP
i,317.9254786226,2124.0398406993,PBSP
e,385.6122610405,1834.210987793,PBSP
i,425.8386905799,1594.3928063724,PBSP
i,578.9013685246,1529.1428796133,PBSP
u,458.6075701444,1044.3646414493,PBSP
i,432.2937568517,1593.011101416,PBSP
u,541.218883227,1188.7565490737,PBSP
i,412.9874229363,1656.6750380977,PBSP
i,411.6531013647,1357.4567826457,PBSP
e,428.5292414331,1725.0195279929,PBSP
u,529.4762462952,1003.012069331,PBSP
i,465.1172910058,1735.3294921533,PBSP
e,598.2566437336,1918.4938494062,PBSP
e,511.6734631692,1716.1371381205,PBSP
e,518.9071428172,1787.3203572064,PBSP
i,408.4197662066,1751.4501915665,PBSP
e,557.8497316155,1763.9925710397,PBSP
e,691.9925669274,1671.0738442109,PBSP
u,411.6438011598,1205.9519308634,PBSP
e,421.446849151,1681.4337956481,PBSP
e,533.5047034502,1904.935705679,PBSP
i,550.9591406548,1527.5448474244,PBSP
i,465.3081177621,1791.0369457473,PBSP
i,460.3005268711,1819.5079329721,PBSP
i,501.6958915369,1470.3431252137,PBSP
i,496.2042952118,1809.3936583608,PBSP
u,432.1398574804,1101.5569795589,PBSP
e,558.8379678865,1442.162524097,PBSP
i,420.4522196707,1461.7658512096,PBSP
i,473.4571289789,1983.2806785395,PBSP
u,414.4097729008,1056.7122382242,PBSP
e,512.5931814909,1614.0089217184,PBSP
e,641.4297715472,1662.7714456936,PBSP
e,589.0885948434,1400.0001731364,PBSP
e,574.4017296142,1459.9921770986,PBSP
e,589.5663451342,1601.268618279,PBSP
e,586.4973787742,1690.2915404064,PBSP
e,548.544066982,1438.2738312724,PBSP
e,575.33194376230006,1462.2041653372,PBSP
e,438.2905432083,1716.5430453968,PBSP
e,446.0739518621,1832.6426615087,PBSP
e,508.4149152381,1809.1434542779,PBSP
e,590.8073176435,1700.6434946221,PBSP
e,575.8237970029,1762.8991077517,PBSP
e,537.6920371599,1785.3104064414,PBSP
e,496.4690096167,1558.3752135281,PBSP
e,440.0310163261,1867.1611945953,PBSP
e,665.6499048898,1398.5405637668,PBSP
e,588.3318639218,1595.9970752299,PBSP
u,417.76421581,1069.9754561958,PBSP
e,415.6527246508,1874.3828900415,PBSP
u,455.5633512177,962.8835256062,PBSP
u,432.5357189669,1023.043269893,PBSP
u,466.7317637586,1065.4091009077,PBSP
u,421.0491399477,1225.5549858421,PBSP
u,446.3422205695,1204.0961123796,PBSP
o,605.3998287175,1217.6147974795,PBSP
o,551.7521515755,1123.2231478111,PBSP
o,616.283688498,1220.2057259768,PBSP
o,522.626559088,1080.2004435988,PBSP
o,487.6756260912,1196.5659869037,PBSP
o,507.4019173187,1244.0227589785,PBSP
o,668.060767897,1229.0380291074,PBSP
o,697.070589062,1208.7389311268,PBSP
o,389.0841041032,947.2819292136,PBSP
o,481.1620928912,909.1003699407,PBSP
o,414.3122882316,1180.6805784153,PBSP
o,625.1182021086,1126.2462310532,PBSP
o,549.4205478738,1204.356908373,PBSP
o,554.871245698,993.6145108541,PBSP
o,543.5822173806,1010.2836875773,PBSP
o,539.866985415,1137.215456299,PBSP
o,701.0122969123,957.616706946,PBSP
o,655.0203369943,1173.666719484,PBSP
o,585.8961926777,1110.945856521,PBSP
o,588.2312623663,1292.2469353165,PBSP
o,575.997706972,1022.2541815718,PBSP
o,661.9365658458,1210.4785694331,PBSP
o,573.030187491,1267.3383296294,PBSP
o,589.1096534418,1040.6508754712,PBSP
o,572.8647670243,1082.827197955,PBSP
o,677.1595450419,1200.1145386422,PBSP
o,687.9418935789,1172.5944567193999,PBSP
o,550.5491143424,1194.1097498921,PBSP
o,529.6000673855,1196.5825679173,PBSP
o,657.7642870946,1275.3308756153,PBSP
o,432.5638523947,1075.1964682433,PBSP
o,451.9997748405,1198.3302794384,PBSP
o,847.0863023376,1029.0938149073,PBSP
o,424.768819138,1123.6041986547,PBSP
o,526.2282318105,1101.4870568249,PBSP
o,713.829934613,1211.8164409077,PBSP
o,450.6690311673,983.4729151668,PBSP
o,714.2089456635,1229.9849624531,PBSP
o,594.8728515682,1036.4926206075,PBSP
o,480.1405685112,1061.1584329598,PBSP
o,664.546162546,979.2932002363,PBSP
o,585.9585119938,1006.1913312981,PBSP
a,517.5562693618,1147.3483842124,PBSP
a,563.5445952478,1140.7328683233,PBSP
i,379.5051844833,1854.603330143,PBSP
a,586.6766542401,1163.6873661458,PBSP
e,482.3404948042,1616.0114764096,PBSP
e,418.3703181771,1576.2093195103,PBSP
o,462.1403845496,1054.4352511037,PBSP
a,642.593869337,1389.5707840093,PBSP
a,612.1124257273,1375.9655837217001,PBSP
a,548.6220723631,1437.3277493907,PBSP
a,634.3448760037,1312.0930881793,PBSP
a,631.8643445639,1333.6703095416,PBSP
a,661.0937308685,1192.4243746099,PBSP
i,381.3098119666,1819.9366151651,PBSP
e,398.9383144965,1904.0027679068,PBSP
u,504.0475603494,927.676889372,PBSP
a,687.8565112762,1192.0928398715,PBSP
i,375.0386016413,2250.0287000891,PBSP
a,611.5620833206,1295.1115116122,PBSP
o,578.4661076518,1186.0582983841,PBSP
a,589.4339426003,1217.1132026576,PBSP
a,616.7075347026,1324.4960329534,PBSP
i,384.5436556209,1875.396703289,PBSP
a,525.0433312586,1290.7750048505,PBSP
e,540.3425742459,1599.1597827974,PBSP
a,663.1577795239,1207.1456172112,PBSP
e,443.1550259742,1622.2397912605,PBSP
o,580.0215744493,1019.2264977721,PBSP
a,535.6535526792,1143.7101839391,PBSP
i,387.9618179215,1888.4501737385,PBSP
e,473.6200399342,1523.2835305805,PBSP
u,339.1650080493,1028.5498195112,PBSP
e,576.3839111383,1453.2202369526,PBSP
e,482.2263015061,1939.5253363549,PBSP
i,355.9149575567,1570.920797094,PBSP
i,411.130601749,1843.5008866312,PBSP
i,371.3462498743,1701.4842804918,PBSP
e,616.9967678556,1399.747017541,PBSP
a,624.2696213722,1151.823791758,PBSP
i,333.3343819117,2008.4741454491,PBSP
o,624.4284604524,1031.857188439,PBSP
o,508.9198148763,1172.5551537502,PBSP
a,635.8931236295,1289.3881391886,PBSP
a,727.2638946441,1292.8823500461,PBSP
i,331.0411418412,1918.1721583493,PBSP
e,499.3632520817,1533.4888529209,PBSP
a,695.2576809188,1228.508988714,PBSP
a,524.9391474009,1337.800168142,PBSP
o,637.7462336176,1199.2370622952,PBSP
a,715.2996526691,1327.9858760933,PBSP
u,465.0248906446,957.6593550133,PBSP
a,609.4940238555,1195.7278160931,PBSP
e,372.6343517615,1849.846478763,PBSP
i,375.4149911115,1946.091070658,PBSP
i,361.1113919826,1466.6678071761,PBSP
e,566.4707666699,1513.662361829,PBSP
a,683.8824689657,1465.5908603718,PBSP
o,473.6612577015,976.6739903219,PBSP
e,441.6500974865,1233.1372883069,PBSP
a,635.5179497117,1325.7012918157,PBSP
o,496.8003231946,890.6022253124,PBSP
i,312.2312126351,1864.4038175515,PBSP
a,639.4612731761,1453.8865102655,PBSP
a,672.6509334288,1446.7704955967,PBSP
e,519.308699534,1522.8657569768,PBSP
a,603.6153378663,1263.2479800079,PBSP
o,547.287962765,892.6820850312,PBSP
i,404.0100104273,2079.5242720001,PBSP
u,413.0406352678,973.6000343449,PBSP
o,529.5316118822,911.489469645,PBSP
o,622.2687339207,1107.9482500813,PBSP
u,398.1552943881,936.2958561381,PBSP
u,474.7204038234,997.9508987958,PBSP
a,658.2880343419,1213.8701860601,PBSP
i,376.3402388882,1712.2812670881,PBSP
e,479.0416593827,1645.8341059171,PBSP
o,676.7880858494,1188.3164286554,PBSP
i,361.6032475922,2121.9349609451,PBSP
o,430.9229226952,910.8705520087,PBSP
o,575.6916132464,1039.3964415478,PBSP
i,444.8515148621,1925.7323020852,PBSP
i,419.4097314969,1746.5256084548,PBSP
u,415.8323842925,1015.761411596,PBSP
u,486.6236616598,832.8310919805,PBSP
i,420.9539468925,1921.0754782616,PBSP
i,396.9253211519,2033.8749251181,PBSP
i,315.5666200994,2038.3210516317,PBSP
e,497.9531084703,1339.4610151458,PBSP
e,489.3668198724,1867.006693786,PBSP
i,327.5689424268,1555.7813753916,PBSP
a,549.7778912001,1228.4367818133,PBSP
e,631.3483286689,1761.2463255149,PBSP
e,554.8062828252,1869.8129117746,PBSP
e,455.5662333132,1925.7060326789,PBSP
o,650.1817143617,1132.0520187497,PBSP
i,290.6109742826,1710.366358867,PBSP
i,385.4902628789,2006.4869872177,PBSP
i,322.9511112903,1777.8923509165,PBSP
u,356.9926360155,986.0525274279,PBSP
e,451.9462681225,1895.774909278,PBSP
i,276.5360357061,1799.9382415213,PBSP
e,565.5932116227,1858.0937929972,PBSP
u,422.7348891035,756.3119446476,PBSP
e,627.8010275103,1428.5388903478,PBSP
e,422.2838656282,1226.6448944966,PBSP
u,435.5385956112,996.2713598954,PBSP
i,418.723976074,2021.3126156223,PBSP
i,406.0159047931,2013.4391920959,PBSP
i,348.0163642686,2027.1247559541,PBSP
e,466.2580892643,1643.7257332158,PBSP
e,400.8350965268,1869.3295927024,PBSP
e,447.2877620162,1507.5001861221,PBSP
o,518.5331972419,953.3932350974,PBSP
e,575.5190811041,1552.7110099491,PBSP
e,524.9477667769,1465.0358445525,PBSP
e,424.7266320007,1469.4178924834,PBSP
e,494.3128155915,1457.5883038289,PBSP
e,466.9964928794,1591.3971852181,PBSP
e,594.3665808858,1447.4285872517,PBSP
e,517.202642211,1556.0263294836,PBSP
e,522.8724184129,1555.3908097273,PBSP
o,513.19061713200006,995.5117155584,PBSP
e,512.5399793543,1690.970385097,PBSP
e,407.8048769501,1771.431144654,PBSP
o,493.1555197172,1028.2787194813,PBSP
o,504.5278192632,1008.2248257354,PBSP
o,438.3374557021,1006.5434623031,PBSP
o,443.2089463212,1152.533781261,PBSP
o,529.0031487562,1130.0642941911,PBSP
e,430.7848456074,2141.3846076267,PBSP
o,407.8227141782,972.7352272754,PBSP
o,476.7155818682,1338.1615693905,PBSP
e,486.8223011853,2091.8556220033,PBSP
u,386.1191772045,848.6951848775,PBSP
o,408.0475461286,885.5315407375,PBSP
e,440.3474187224,1552.3918830969,PBSP
u,354.8421116746,970.4958756149,PBSP
u,488.7903299473,1023.9275652691,PBSP
e,480.1484985985,1912.4311614263,PBSP
e,557.0086086138,1556.9527097912,PBSP
o,602.4887266369,940.020631288,PBSP
e,500.2777292363,1623.2928641733,PBSP
o,592.0645159845,1103.6773669019,PBSP
e,435.0590316636,1423.1613281348,PBSP
e,463.242647089,1549.4178008626,PBSP
u,463.9628702108,876.3211577489,PBSP
u,463.0226423288,911.3149667563,PBSP
o,453.5364063701,995.7446172688,PBSP
o,519.0552688683,1068.9819586503,PBSP
e,395.359460828,1699.806241973,PBSP
u,381.6739033918,1015.7632066509,PBSP
o,504.8378346879,1285.109572454,PBSP
o,572.8628473924,904.2490263019,PBSP
o,419.1354441904,1053.6127505182,PBSP
o,438.9558380669,970.4477180408,PBSP
e,459.9688124435,1810.8979457042,PBSP
o,470.6440297544,915.6611567194,PBSP
o,461.3595730393,1189.4764671528,PBSP
e,592.3655943323,1227.737245742,PBSP
o,507.4194987244,1153.4490475018,PBSP
e,501.9553662187,1480.5484486682,PBSP
e,640.7039195207,1918.9175344277,PBSP
o,554.8776427686,1006.3480460362,PBSP
o,480.1376945005,916.919769026,PBSP
o,578.6404752511,938.0527263217,PBSP
o,503.1190360703,1049.6505320054,PBSP
o,498.7788330364,939.710098913,PBSP
o,468.6053601909,926.6766839204,PBSP
o,627.7522517238,852.1024117561,PBSP
o,504.3421585999,816.5467332479,PBSP
o,513.3839712626,1192.4778396914,PBSP
o,489.8315980008,1241.8154115092,PBSP
u,473.9425497039,953.5807010865,PBSP
o,510.479555007,776.6209111448,PBSP
u,429.3499742574,1091.4655095383,PBSP
u,384.1099805487,993.1870560473,PBSP
a,536.5914033024,1505.7572159767,PBSP
i,328.2975819611,1683.1983300718,PBSP
i,392.6177514972,1894.0976010943,PBSP
i,451.4139108245,1664.0889138812,PBSP
i,380.5544410778,1850.9324602668,PBSP
i,443.6401901695,1545.0552912039,PBSP
i,403.9135293299,1756.8802558236,PBSP
a,543.9942230129,1512.5985486434,PBSP
i,417.6596122063,1637.6740907734,PBSP
e,556.0063511647,1611.9511121053,PBSP
e,534.8221775,1596.5899350673,PBSP
a,712.1849814582,1295.93128869,PBSP
a,636.6296627901,1438.3617330206,PBSP
u,393.9716418814,1036.0123893877,PBSP
o,586.2917344051,979.4562446544,PBSP
u,427.2201763895,1108.3005069347,PBSP
o,615.5910581345,996.1101918488,PBSP
a,578.6692952292,1362.6180706642,PBSP
i,424.2763097031,1706.3376739235,PBSP
i,424.5351505994,1894.0388717841,PBSP
e,619.2124145314,1480.3084610493,PBSP
a,635.9199915632,1487.9775632731,PBSP
i,348.0266666596,1535.1974580548,PBSP
i,426.3543614331,1652.405722265,PBSP
a,678.9257042648,1268.0036085103,PBSP
a,557.3449231649,1477.5805568112,PBSP
i,357.2278603609,1612.0733026835,PBSP
i,427.8068883807,1872.2655482211,PBSP
e,563.247020949,1716.8391474498,PBSP
e,494.5863625045,1624.8763651079,PBSP
e,614.0658593045,1505.2488045688,PBSP
e,437.3903726123,1585.3743736529,PBSP
e,612.2303934505,1456.3623323292,PBSP
e,534.1043089153,1397.0403699336,PBSP
i,423.0548540473,1774.1619868495,PBSP
e,548.4559965172,1529.5649030949,PBSP
e,593.7330056998,1591.6157164593,PBSP
u,420.0788404102,892.9765325892,PBSP
e,507.2138432969,1512.269273249,PBSP
a,547.8681064309,1079.4951662871,PBSP
i,420.5812460336,1884.7048581479,PBSP
e,493.8636964701,1550.1800292178,PBSP
a,641.8002357235,1157.663645372,PBSP
i,342.9824862322,1928.4293880326,PBSP
o,577.6894811825,1050.6249017402,PBSP
e,502.3493199303,1393.1756277572,PBSP
a,763.5052362544,1122.3598460365,PBSP
a,587.1046284977,1091.5900831452,PBSP
u,428.8618406583,1050.4820750515,PBSP
a,547.2984640441,1379.6847854728,PBSP
e,580.2274071046,1565.1665595442,PBSP
a,500.9259450884,1639.8975373832,PBSP
e,456.7023870039,1577.6172054828,PBSP
a,473.2820049572,1404.9842410753,PBSP
o,502.5650390306,1004.3293363468,PBSP
e,549.3819572922,1573.8473249283,PBSP
a,568.8238874708,1370.4778029839,PBSP
e,393.8740264764,1792.7261543749,PBSP
u,500.0476163968,899.3234154779,PBSP
a,492.8123565128,1090.2785974456,PBSP
a,549.530450713,1326.7033887296,PBSP
i,344.1140324493,1783.2630875471,PBSP
i,438.4343108104,1713.927179758,PBSP
i,281.0189929446,1825.2047288909,PBSP
a,569.1868334324,1514.9092617224,PBSP
a,643.2088124886,1244.349465929,PBSP
e,522.3443349525,1373.2421443601,PBSP
e,576.2845255695,1462.9643747744,PBSP
e,571.142920226,1606.3472688856,PBSP
e,565.040235674,1482.6334704715,PBSP
e,456.0595875499,1354.4116605871,PBSP
i,311.2364841474,1777.2729196489,PBSP
u,419.8863120553,1017.4201752392,PBSP
o,517.9926368092,956.4215547427,PBSP
o,630.1015753885,1149.8881721329,PBSP
o,529.0732720808,1129.8334262055,PBSP
e,545.3107069801,1450.5978010943,PBSP
o,586.1107885468,1168.3458363067,PBSP
o,492.8148281733,1156.0237345466,PBSP
e,538.597471571,1405.7463525464,PBSP
e,570.2139688159,1399.2223589173,PBSP
a,558.608818011,1271.9049614175,PBSP
u,464.9971878777,1135.16679272,PBSP
a,584.701068063,1246.0550705876,PBSP
a,698.7553289426,1351.0249601716,PBSP
a,692.683342372,1227.1422540881,PBSP
a,647.9811612277,1183.5265783373,PBSP
i,306.1227005402,1862.2159272627,PBSP
a,558.3382793848,1287.7841394732,PBSP
i,373.894657192,1519.9089629685,PBSP
e,582.0272765706,1548.0340830395,PBSP
o,557.4683735663,935.1961207004,PBSP
a,644.4459724597,1211.3534180896,PBSP
a,643.7537304162,1111.2053496252,PBSP
a,618.6002655823,1299.9844008209,PBSP
i,368.342616685,1682.8476693309,PBSP
e,543.1167986219,1392.9815835374,PBSP
o,566.5981935263,1091.5328303346,PBSP
e,392.4293246381,1503.0324103234,PBSP
o,516.4795013449,1316.5409920455,PBSP
i,412.9642425824,1587.6353180842,PBSP
i,450.9886382947,1702.4049224433,PBSP
o,543.1777271273,1072.7423053509,PBSP
u,417.1697123587,1194.3079235606,PBSP
i,329.8832918475,1936.2926060274,PBSP
i,373.1656090257,1932.5841546125,PBSP
i,453.1495836077,1629.2039461187,PBSP
o,486.5442387149,1110.9922409161,PBSP
u,392.0216808649,1098.0676464346,PBSP
i,378.5788144287,1894.5669908922,PBSP
i,365.9639544197,1902.7731830494,PBSP
u,445.0114118884,1135.4014202804,PBSP
o,596.4875077169,1327.8391360044,PBSP
e,533.6956475782,1698.6931676759,PBSP
e,573.8239658249,1543.7672309366,PBSP
e,707.3146640561,1504.7323603315,PBSP
e,574.0180850517,1480.4399713446,PBSP
e,544.9727127623,1603.0026097341,PBSP
u,448.8332021849,1202.7775764645,PBSP
e,517.7294814717,1475.1294456832,PBSP
e,439.9473030277,1550.439995145,PBSP
e,545.0363379329,1923.4211687136,PBSP
u,456.2275612673,884.3067415524,PBSP
e,548.4521582971,1619.4427363352,PBSP
e,572.34274357260006,1650.280963836,PBSP
e,654.9095617504,1646.2542136903,PBSP
e,630.9529267353,1673.5405887983,PBSP
e,633.2235128749,1486.8550145748,PBSP
e,626.5294283134,1594.9659180164,PBSP
e,648.8188115528,1484.9196307977,PBSP
e,709.7260952113,1623.6759572149,PBSP
a,717.8833748154,1353.683346057,PBSP
a,535.3847438252,1261.0425759176,PBSP
e,535.1386798505,1548.5591441997,PBSP
a,661.1144270595,1337.4897027307,PBSP
a,588.0082430671,1413.878999067,PBSP
a,695.6789195826,1411.0333944876,PBSP
i,361.8800156012,1839.6539055422,PBSP
a,638.0910713556,1318.5578644149,PBSP
a,577.7103534597,1386.9026132767,PBSP
i,354.4262100161,1724.0116870373,PBSP
o,615.4100315867,1184.1987396171,PBSP
o,604.8363154103,1219.4362006778,PBSP
e,492.9872813468,1725.7214646535,PBSP
o,458.6322163994,1218.4889268702,PBSP
u,421.8062159412,1248.9734954043,PBSP
a,571.4586822434,1298.7000531289,PBSP
a,619.822385184,1266.4671625537,PBSP
a,533.6709798475,1311.019751453,PBSP
a,562.6573943686,1382.1627829916,PBSP
e,485.3595825326,1636.0853158772,PBSP
a,616.514333389,1429.7914604994,PBSP
a,663.7770189395,1466.9948635156,PBSP
e,509.9761161725,1647.8945420685,PBSP
a,621.2486615271,1573.8356032193,PBSP
a,533.202627422,1249.0369762105,PBSP
a,677.1693106839,1330.8287651781,PBSP
e,547.7539424675,1596.2713899958,PBSP
a,612.1844093349,1578.6973816861,PBSP
a,582.2699311598,1489.7985036608,PBSP
a,593.2901898019,1463.0359245881,PBSP
i,417.367907011,1673.5424904513,PBSP
a,545.3468311581,1385.9094399486,PBSP
o,523.7382317563,1161.3058444936,PBSP
i,459.5019962869,1718.2545053302,PBSP
i,512.5374316604,1868.4639892111,PBSP
a,595.1246718359,1253.958098312,PBSP
i,443.4213332022,1561.1915586841,PBSP
i,407.2961296629,1494.8964628422,PBSP
i,419.4516225334,1815.9949965169,PBSP
i,372.3811840273,1978.33386733,PBSP
i,383.6669292378,2136.5961518579,PBSP
i,342.6004941291,1976.5422701023,PBSP
o,529.6743724113,959.6754375227,PBSP
e,471.23627668,1769.2883760006,PBSP
o,551.0878019037,935.2410591375,PBSP
i,392.9423645587,1970.8010379719,PBSP
u,450.596444595,1225.1735042993,PBSP
e,592.7473331443,1581.2919866223,PBSP
a,626.12541843020006,1329.3941701059,PBSP
i,331.2328637045,1952.9503191624,PBSP
a,620.3117588146,1353.9461846218,PBSP
e,466.0922176206,1683.5084825368,PBSP
a,596.8083987394,1301.6117347019,PBSP
i,398.1061144509,1708.0710037692,PBSP
o,540.2670170319,1175.7143180593,PBSP
a,565.0028658532,1168.3696407261,PBSP
a,625.9207859351,1315.7747086681,PBSP
a,678.1290677959,1185.6038232889,PBSP
o,605.0046832652,1124.8662813714,PBSP
a,579.7561419364,1272.4755082838,PBSP
o,583.4036573952,1083.1380875884,PBSP
a,611.7840034351,1484.4591138773999,PBSP
i,458.3683837437,1606.191321465,PBSP
i,399.3063391988,1535.2219815039,PBSP
a,628.3740426461,1337.2586744468,PBSP
u,382.6104076707,1166.0667874126,PBSP
e,506.3560649813,1593.6622985198,PBSP
e,427.4137329365,1897.8470957606,PBSP
o,547.889786995,1175.2248474307,PBSP
i,368.06846644030003,2029.0143593565,PBSP
i,330.5924079043,1870.5603344936,PBSP
e,545.9959757058,1541.266576392,PBSP
o,568.8142062181,1122.9220208737,PBSP
i,388.1174686693,2000.3663933897,PBSP
e,465.5955279474,1630.8456042637,PBSP
o,719.2545924652,936.1548796289,PBSP
e,447.6344143211,1657.2422572387,PBSP
e,495.8994020963,1675.7436794966,PBSP
o,584.2031830585,1228.7510362523,PBSP
e,527.0187125531,1615.8446822854,PBSP
e,534.4964790652,1580.1424363445,PBSP
o,525.0309790911,1313.0568621826,PBSP
i,399.7837745871,1809.6631394021,PBSP
u,551.4775885304,1115.8831416866,PBSP
i,370.5854799822,1860.00205957,PBSP
e,433.1284384372,1903.3688943719,PBSP
u,479.5850750238,1261.6061971734,PBSP
u,438.0019825852,968.226308408,PBSP
o,568.8761119814,1006.5687875373,PBSP
e,454.3499469873,1655.6169091339,PBSP
u,436.8293621244,1174.5769366738,PBSP
e,470.6884991027,1727.5765018274,PBSP
i,334.6407905752,2005.7660426703,PBSP
i,436.7050220245,2166.7009536784,PBSP
i,446.6312507586,1986.430882229,PBSP
u,433.1625183649,1185.6919288802,PBSP
o,569.1491437484,1210.7324583701,PBSP
o,588.9874143456,1082.4311254475,PBSP
e,481.627184529,1730.6416134806,PBSP
e,596.6198700646,1738.2450469007,PBSP
i,353.8441070138,1818.6894425558,PBSP
i,354.7373333012,1982.7122187391,PBSP
e,603.2481626551,1549.1622453069,PBSP
e,650.2342328769,1633.3584491692,PBSP
e,501.4381125688,1565.5539954419,PBSP
e,441.3512593777,1712.9387648978,PBSP
e,527.6289236738,1636.9173295104,PBSP
o,617.6861037097,1079.0311134894,PBSP
i,393.4686764017,1631.4889487343,PBSP
e,519.8864145329,1783.1840394172,PBSP
o,594.6418714716,1090.6348509631,PBSP
o,445.2668718268,1234.3932389952,PBSP
e,412.2260606713,1728.6378212134,PBSP
i,369.6405715596,1779.2081829301,PBSP
o,616.7411264788,1224.6622801313,PBSP
i,339.7519761032,1963.9473751638,PBSP
e,465.8819033181,1729.0248875894,PBSP
e,484.6028645381,1632.6856594403,PBSP
o,475.3165778135,1257.8481906506,PBSP
e,612.654576743,1709.9891567498,PBSP
e,527.9753644059,1709.1772449951,PBSP
e,525.1789359363,1575.2622983243,PBSP
e,501.3356310133,1610.0386362041,PBSP
o,549.6739407079,1082.6599059673,PBSP
e,506.4465382041,1662.1586326871,PBSP
o,491.4564947219,1190.9477032527,PBSP
e,488.8295873304,1570.7280111444,PBSP
e,460.232000362,1769.0338641739,PBSP
e,478.8677517503,1769.5611581312,PBSP
o,602.9159791913,1216.9150570217,PBSP
e,521.5825878055,1648.6263707678,PBSP
o,636.5463847202,1271.8098757314,PBSP
e,531.6246159873,1597.1214845805,PBSP
e,416.9694141996,1586.2480181527,PBSP
o,629.6934249211,1212.0150346858,PBSP
o,649.1971524427,1195.5553721912,PBSP
u,509.053645914,1238.4641421358,PBSP
u,469.0514486737,998.5165140484,PBSP
e,456.286954376,1619.1220130311,PBSP
e,464.3358152212,1656.9123107178,PBSP
e,582.1735579858,1701.4604330727,PBSP
e,564.1386171812,1956.5548132094,PBSP
o,656.3639891321,1164.1083952556,PBSP
u,402.7212992848,1130.7377280311,PBSP
u,449.6612176013,1076.5925367758,PBSP
e,513.39989892,1630.6756593022,PBSP
u,363.5542383078,1254.6979040994,PBSP
e,544.8630159669,1628.7838016729,PBSP
o,612.9699526657,1315.2838284635,PBSP
u,416.2075844632,1228.0196274426,PBSP
o,616.8774202864,874.7831029166,PBSP
e,462.3967934396,1685.0577299679,PBSP
e,502.4450399034,1579.9022180032,PBSP
e,505.4439874672,1655.1746489848,PBSP
o,444.9659564214,1303.4915512316,PBSP
o,527.8696317936,1443.5381350071,PBSP
o,647.2148025751,1238.8302570003,PBSP
o,518.9945318224,1175.9664261164,PBSP
o,435.6540172313,1103.6488120024,PBSP
u,371.5334670349,1255.8356768363,PBSP
o,513.7321852965,1053.9355212874,PBSP
o,620.8732275218,1036.84564169,PBSP
o,626.1745787499,1383.9246351041,PBSP
o,443.2465087716,1073.9254218795,PBSP
o,643.2938526694,1245.7732955298,PBSP
u,411.983298038,1232.4245347145,PBSP
o,526.5994613487,1317.3424427785,PBSP
o,569.4720384299,1018.0688335815,PBSP
o,688.1461502009,1253.5767439426,PBSP
o,528.5779447112,1056.4540250082,PBSP
u,489.209359678,1153.6853981564,PBSP
o,539.4900050606,1320.7410559238,PBSP
o,555.9496742494,1318.7877518279,PBSP
o,536.4079905017,1171.4715709878,PBSP
u,434.1085183781,1009.4261621366,PBSP
o,571.8027088404,1259.1234283305,PBSP
u,482.1566868555,1099.0400684631,PBSP
u,514.475276512,1240.4912300698,PBSP
a,907.7450474529,1500.2128792527,SP2010
e,640.6070407365,1927.7871835624,SP2010
o,580.128367112,1122.9497161208,SP2010
o,691.7246846419,1378.0349433893,SP2010
i,471.3108807722,2330.7990798182,SP2010
u,433.3995521579,1069.3807693251,SP2010
o,498.1695064416,1017.1176949458,SP2010
e,459.7248838815,2054.4453662748,SP2010
a,662.4354894352,1295.5658108733,SP2010
e,587.6967775527,1881.3043901254,SP2010
i,204.0344212584,2371.3548767062,SP2010
i,358.251928021,2424.217130763,SP2010
a,681.5655565947,1174.3440400447,SP2010
e,506.9332707154,1528.4892676562,SP2010
a,836.001906801,1371.5728347608,SP2010
i,375.8664453309,2344.1205156376,SP2010
u,368.2920772231,1175.6378833629,SP2010
i,341.6683969854,2258.8852698971,SP2010
a,822.9977826517,1338.5510837881,SP2010
a,832.0912249225,1382.0286197542,SP2010
o,663.7044884713,1091.6866790682,SP2010
o,613.9602981972,1177.9202084484,SP2010
a,818.0053585407,1449.5834596914,SP2010
a,852.9682614158,1532.9067911386,SP2010
a,837.1015315099,1380.9331750014,SP2010
i,342.6190942732,2288.0411213503,SP2010
a,751.822299187,1238.7630874948,SP2010
a,691.3925975175,1240.0001623839,SP2010
i,300.3817980164,1623.5089907896,SP2010
u,586.0603686386,1148.2372165938,SP2010
a,669.6345280467,1378.3089979133,SP2010
i,261.6106937426,1862.3151596959,SP2010
o,529.8747972356,1073.8322515383,SP2010
a,849.7747750165,1492.7455674011,SP2010
o,438.8647650587,1120.4389113216,SP2010
e,677.7600588649,1847.59987091,SP2010
u,527.6153580711,1067.9093020341,SP2010
i,267.3462145375,2340.3756300024,SP2010
a,771.9523255584,1334.6773152145,SP2010
e,402.7016499241,2227.2526888303,SP2010
a,662.9280023195,1238.9893604878,SP2010
e,731.1582972277,1814.1596374269,SP2010
u,280.0649099715,730.2888851218,SP2010
i,314.7421966755,2457.6173318683,SP2010
e,528.3936826701,2044.1533272725,SP2010
u,409.2459859408,767.6943498474,SP2010
a,788.6690207744,1317.0493030207,SP2010
o,722.9499774252,1252.8926097613,SP2010
e,511.9476467677,1581.7251248425,SP2010
e,509.4444452853,1625.150244454,SP2010
u,434.5324500654,891.0186646806,SP2010
a,599.0196724437,1251.9136043445,SP2010
a,783.641074537,1191.9856933898,SP2010
o,692.1558517687,1268.2038294725,SP2010
i,340.6316118727,1888.3795685636,SP2010
a,638.5481688662,1210.3658422896,SP2010
o,668.0283322091,1033.4169920135,SP2010
e,482.613989012,2210.4179096876,SP2010
a,799.3639129668,1489.3982630325,SP2010
i,388.2594510012,2120.4562241822,SP2010
a,862.73706161330006,1351.1427999341,SP2010
e,460.7168154762,1943.1194506525,SP2010
a,899.5751597827,1617.8989892653,SP2010
i,318.7049800677,1740.2303174315,SP2010
i,267.4429489336,1633.6677147739,SP2010
e,526.4974260496,1791.2758447971,SP2010
a,760.3735451235,1514.9407057705,SP2010
e,729.6545094541,2061.3972398964,SP2010
e,579.718601863,1934.7691282408,SP2010
e,582.4645552387,2074.0062980865,SP2010
i,321.9758325514,2165.8882722071,SP2010
e,704.2887803077,2146.3093262135,SP2010
a,819.1464504954,1473.7804103508,SP2010
o,670.1400170168,1256.3222715195,SP2010
e,495.5639878229,1873.3312485358,SP2010
e,432.7875301788,1893.0060601921,SP2010
a,823.9163689247,1328.6833781403,SP2010
a,842.5396407671,1495.026415379,SP2010
e,530.1793973706,2037.6780934353,SP2010
a,901.6902114205,1347.6405045353,SP2010
e,525.7323996652,2331.6870158621,SP2010
a,819.0326922749,1630.6220326198,SP2010
o,668.7094102911,1018.0294903787,SP2010
u,504.3785092552,978.6732028898,SP2010
u,389.2494110474,794.8915842566,SP2010
e,625.0345090198,1917.2457413882,SP2010
a,696.4225355352,1604.1014716555,SP2010
e,478.6992901819,2127.2454553137,SP2010
i,412.5928228455,1919.9749053832,SP2010
o,669.0378429978,1308.4102421547,SP2010
i,464.5975982812,1862.8428122762,SP2010
i,435.7525042639,1892.0675466534,SP2010
i,293.8252918498,1892.5905615942,SP2010
i,440.8096915531,2316.2752003979,SP2010
o,588.4104156235,1092.0187499134,SP2010
i,427.8337922332,2008.8004011815,SP2010
o,537.8172563727,1211.6313539272,SP2010
i,336.399224607,1962.584301316,SP2010
u,418.6204988629,896.9321857476,SP2010
e,576.0531849189,1635.9320764494,SP2010
e,414.364000415,2072.3244551288,SP2010
i,411.8452844796,2277.5565901529,SP2010
e,499.6718985586,1758.4304942052,SP2010
e,505.5266454647,1604.5259419477,SP2010
e,634.6768104083,2034.6917644168,SP2010
u,475.9044893268,909.5510954141,SP2010
i,173.4276817628,1703.1150358268,SP2010
i,467.1781653446,2076.9759931487,SP2010
e,535.639321707,1756.9412905112,SP2010
e,481.9966937863,1646.3539540358,SP2010
i,458.9167447346,2088.3877822252,SP2010
u,470.3989453999,965.6138286125,SP2010
e,606.9049837502,2011.5538140623,SP2010
e,540.6179199443,1804.6775529012,SP2010
u,481.6074791535,909.2578415559,SP2010
e,791.030369797,1814.2910291292999,SP2010
o,591.5401548476,868.9947467233,SP2010
e,555.1485837725,2048.0100390849,SP2010
i,431.3148134338,2060.8734780286,SP2010
e,566.4991835934,2121.3147060691,SP2010
u,454.0374398732,1080.3904548782,SP2010
u,398.9391889236,1124.0200925575,SP2010
e,491.2970317096,1682.7309709041,SP2010
e,509.5588155789,2068.647855423,SP2010
e,489.5652231192,1917.6802977741,SP2010
e,579.6261020248,1700.1065698286,SP2010
e,751.6614545073,1741.2140713994,SP2010
e,634.439792224,1878.4646753664,SP2010
o,690.9043864581,1281.5408227863,SP2010
o,544.8469001532,1041.672933932,SP2010
e,551.7702850142,1792.6196451996,SP2010
e,655.0497790887,1936.8131770945,SP2010
i,373.6264938259,2023.0108915749,SP2010
u,442.9772086714,905.6065404132,SP2010
e,565.1731670849,1846.0142641918,SP2010
e,614.7341016839,1678.3486548439,SP2010
o,761.8830295606,1292.106329487,SP2010
e,496.8945326269,2035.389424998,SP2010
i,446.9818387986,2140.1542656862,SP2010
o,474.9646615565,1099.4740208957,SP2010
o,580.2306756061,1107.2370157925,SP2010
o,583.7239017185,1072.0109951539,SP2010
o,607.8156964177,1153.9348468197,SP2010
e,695.8486350837,1767.2501360602,SP2010
e,493.550809702,1900.0699152013,SP2010
u,388.9904855088,911.7931473599,SP2010
u,380.9434188976,1033.2744871206,SP2010
e,491.7229190351,2083.0270183882,SP2010
o,528.5665418155,1240.8744749821,SP2010
o,594.8174150395,1126.4565842229,SP2010
o,510.1331644115,1041.9701428063,SP2010
o,482.5375554461,1086.111415671,SP2010
u,381.0252212723,944.7415005606,SP2010
u,360.9752622845,1007.9228966458,SP2010
o,671.9149588727,1145.7156356785,SP2010
o,586.4822277494,1355.3422706461,SP2010
u,510.8122371519,1168.0281330997,SP2010
o,663.0163773435,1251.6004992691,SP2010
o,471.5794584845,987.1163142333,SP2010
o,505.9178328003,1155.2779524205,SP2010
o,549.5245330302,1145.8613276275,SP2010
o,478.0389125949,927.1591466129,SP2010
o,740.1963901455,1383.4470684816,SP2010
o,454.1653111235,906.2827162713,SP2010
o,489.6044624158,929.6106463306,SP2010
o,511.0470843073,1081.5117083593,SP2010
o,472.0366034459,1104.92465315,SP2010
o,525.5954458649,1004.2687947304,SP2010
o,523.8550074025,1025.6061983977,SP2010
o,509.7770963635,925.4467518472,SP2010
o,548.8829536483,908.4979695948,SP2010
o,610.9547752332,909.0858857079,SP2010
o,470.808406092,1099.7210971259,SP2010
o,518.5134261007,874.4472270912,SP2010
o,505.4946581493,1483.8583939849,SP2010
o,538.6433101253,1171.7827991641,SP2010
o,732.2285930416,968.4310750387,SP2010
o,752.9972546597,950.7008522615,SP2010
i,261.7301301543,1551.6621957317,SP2010
a,459.666246908,1228.6891867183,SP2010
a,413.4804949349,1032.4483876575,SP2010
i,211.1937267977,1411.3833487847,SP2010
i,199.2922954582,1679.5902491642,SP2010
i,185.0275415185,1939.8496677313,SP2010
i,184.9503802888,1592.6598688073,SP2010
e,310.5450753332,1341.099807308,SP2010
o,181.3153070906,862.2417726045,SP2010
i,198.5147255022,1957.9913559552,SP2010
e,273.3261772104,1645.010732874,SP2010
e,290.9473318384,1457.041944475,SP2010
u,154.8333119356,798.1852501794,SP2010
e,203.2219819999,1439.2148576853,SP2010
e,378.4376568165,1187.7975829718,SP2010
a,466.5061269884,1130.5122269452,SP2010
o,419.6560015385,913.7243426849,SP2010
o,446.3905148882,1019.1219362791,SP2010
i,238.5111674127,2217.8802402337,SP2010
a,608.5863167385,1272.8255148019,SP2010
e,449.3808623652,1591.8301834595,SP2010
e,856.9530403717,1981.8898892742,SP2010
a,533.8494782782,1325.5768439949,SP2010
i,144.1425504486,2054.6643123111,SP2010
o,356.2754180652,999.7680896724,SP2010
a,457.6649361432,1134.5702476127,SP2010
i,221.3533564852,2063.6248565976,SP2010
o,317.9232733698,1164.4865452254,SP2010
o,447.2742133727,1309.9406697751,SP2010
o,242.0890355142,974.0933998488,SP2010
o,374.4271202994,1036.194312385,SP2010
i,250.8325828626,2138.4453841806,SP2010
i,215.5224735742,2148.2692081836,SP2010
e,397.5939642947,1688.9110175476,SP2010
i,313.9872409853,2106.5478822719,SP2010
i,348.1999016722,2040.2270532916,SP2010
e,361.7237604017,1516.3461353536,SP2010
a,475.8178456743,1133.6445640854,SP2010
a,444.5330730218,1210.1360167603,SP2010
i,216.3355603932,2016.9507415437,SP2010
e,336.4755581561,1581.5594254267,SP2010
a,513.7458533284,1226.6282928555,SP2010
u,247.1691570399,1023.8389944542,SP2010
a,418.2684118304,1142.4518043693,SP2010
u,366.1392284799,989.5553523199,SP2010
o,561.0972282953,1026.7406775337,SP2010
i,317.8076062529,2098.0520490771,SP2010
a,522.541430285,1353.5419247562,SP2010
o,456.4626930588,1015.7883621158,SP2010
i,209.6412643787,2240.3220682619,SP2010
u,221.8638791372,875.7680368877,SP2010
i,255.7261096902,2102.8805624915,SP2010
a,634.9978686314,1153.7082618637,SP2010
a,499.3994701847,1256.930718099,SP2010
a,594.1369767704,1105.8359847028,SP2010
a,468.5013206062,1194.8661975215,SP2010
u,195.1832301396,1010.6439822007,SP2010
e,222.8066139526,1525.6286299042,SP2010
o,505.30125440530003,935.7710928885,SP2010
a,398.1720843559,1249.7743363324,SP2010
i,203.3304880243,1576.794358658,SP2010
e,220.0865727137,1426.2910339597,SP2010
a,597.3933608174,1162.6674201835,SP2010
e,236.0411971227,1403.4735745811,SP2010
i,233.9380939099,1599.9017787622,SP2010
e,290.8104221276,1489.1953113438,SP2010
a,616.5546835659,1109.3518504526,SP2010
i,201.5211703204,1885.2538534593,SP2010
e,359.3184593988,1526.3837095514,SP2010
e,262.4566049008,1610.8096110611,SP2010
a,380.5056673319,1176.8322598124,SP2010
i,264.5650189689,2287.0855241568,SP2010
a,441.1527765414,1368.787436687,SP2010
a,509.9824945409,1308.8496566049,SP2010
i,169.614626006,1494.143353874,SP2010
o,358.5576320705,934.9441159272,SP2010
e,227.0692994349,1384.1296083995,SP2010
e,248.255585135,1774.0372584008,SP2010
e,311.2079218714,1518.400490387,SP2010
e,351.3183047659,1499.4273190982,SP2010
e,403.313863164,1490.9382163969,SP2010
a,565.785412211,1210.3689654534,SP2010
a,575.3884960224,1190.8600808046,SP2010
a,453.6667381976,1204.5151296126,SP2010
o,223.2682309619,888.8021696921,SP2010
o,212.8969975147,1040.2097073059,SP2010
a,382.0612743374,1367.396696879,SP2010
o,215.4596769657,945.7604660277,SP2010
o,197.8762422752,1204.4282212268,SP2010
a,540.7515595766,1203.5615564705,SP2010
i,187.8453107606,2069.3546633532,SP2010
o,185.3007855921,1136.8679052352,SP2010
u,182.6121464765,975.1425390873,SP2010
i,185.6259873361,1820.1995082787,SP2010
a,345.7269569845,1044.2043994418,SP2010
e,416.9460638574,1560.995512127,SP2010
a,714.5591420186,1051.9791361529,SP2010
a,590.7224037494,1141.020095401,SP2010
a,662.7350748185,1220.8796786233,SP2010
i,196.4501050985,1770.5635186564,SP2010
o,292.7249775809,1027.807063017,SP2010
u,164.8854079242,1018.9678162612,SP2010
e,409.7723695282,1407.4769485156,SP2010
u,205.5518829761,1045.7599039452,SP2010
u,202.2356021576,828.6232079673,SP2010
i,186.3448215104,1957.3069724592,SP2010
e,298.2694176228,1507.6131972076,SP2010
o,230.4295797117,853.3214246678,SP2010
u,197.8229359872,984.752330556,SP2010
i,261.7896962231,1580.0365052536,SP2010
o,253.4630103345,1151.6943613362,SP2010
e,388.4132543541,1471.6601539013,SP2010
o,454.8587316713,930.9225341175,SP2010
o,431.0675912545,987.226076068,SP2010
u,330.579250443,877.4523406418,SP2010
o,386.0383944962,1064.81676287,SP2010
o,391.330329508,1064.9041604364,SP2010
i,209.1169570044,1736.8719331437,SP2010
e,238.34827642,1596.0902772418,SP2010
e,321.1750221747,1397.7756026952,SP2010
i,188.9296821142,1686.5020638146,SP2010
o,447.2023836674,969.1037514101,SP2010
e,448.3171769609,1462.2807341763,SP2010
u,409.8033929102,879.7448477467,SP2010
o,276.7856369512,849.8964668072,SP2010
u,370.928919326,897.5515972371,SP2010
e,451.3481151134,1365.5564248693,SP2010
o,488.8114326085,1096.665940793,SP2010
o,388.2564718019,1057.3098746345,SP2010
o,433.3851081697,957.5916895741,SP2010
o,396.1420391981,936.4093869782,SP2010
u,158.9186029196,978.2562130102,SP2010
e,232.1654677785,1584.0943769972,SP2010
e,403.9923514658,1233.6232431409,SP2010
e,433.4868030574,1976.4054562345,SP2010
u,264.7574170108,1007.5665526463,SP2010
e,338.3883485225,1398.443951482,SP2010
o,228.1653158236,881.9116266203,SP2010
e,218.8170857359,1534.3908976644,SP2010
o,256.4740384641,986.9073110771,SP2010
u,185.8263696569,1031.3750086158,SP2010
u,207.3252886316,750.7372691923,SP2010
o,498.5231530097,865.8900573972,SP2010
u,190.5945560423,1097.3077584675,SP2010
e,361.5270140567,1473.6968491429,SP2010
e,336.9171947148,1448.8230675433,SP2010
o,357.0680024372,992.6681892215,SP2010
o,246.7945702251,955.4205019007,SP2010
o,232.804053692,1176.9453172585,SP2010
e,316.9996912617,1549.0001190987,SP2010
u,184.2692966804,906.2255410967,SP2010
e,233.9022816058,1602.6989402229,SP2010
u,217.4659163052,1001.3809065318,SP2010
e,220.7464441356,1478.5032790743,SP2010
o,328.9234050733,1056.1550912415,SP2010
o,198.4504736226,1031.7510383489,SP2010
o,215.8786203611,1105.2193285163,SP2010
e,238.6387608241,1640.9438132855,SP2010
e,205.7696576979,1666.7559632107,SP2010
e,193.8452087349,1499.0160217196,SP2010
e,212.3750991352,1574.2994498042,SP2010
e,235.7976395225,1545.8922056267,SP2010
o,211.7060355807,982.4119128876,SP2010
e,336.2087251927,1595.5707341797,SP2010
o,374.8362530733,998.61103888,SP2010
e,278.1955872129,1442.2390498018,SP2010
o,275.2940367478,937.3328900038,SP2010
e,421.5910229479,1547.8437993297,SP2010
o,448.9811740834,998.1217020539,SP2010
o,324.4147390441,1003.9922576871,SP2010
e,308.4539013172,1461.5171994520001,SP2010
e,334.7464109544,1570.729453001,SP2010
o,492.411552698,1000.8960432114,SP2010
o,326.1209236475,1079.177272605,SP2010
o,390.1894704305,928.971978992,SP2010
o,351.0605553038,876.1682306959,SP2010
o,284.6777184687,945.3914816246,SP2010
a,499.1907315775,1469.4465439303,SP2010
i,446.1306458401,1746.9445575969,SP2010
o,573.684596281,1150.6245825653,SP2010
e,517.330860596,1720.1544162888,SP2010
e,520.0328403072,1791.8865179142,SP2010
a,703.1173484559,1157.1195359615,SP2010
a,625.3489449393,1156.236798469,SP2010
a,635.5880096664,1413.0139825654,SP2010
e,533.4894013303,1710.7841094239,SP2010
a,646.7295494021,1590.8271469174,SP2010
a,501.724826081,1416.1230655049,SP2010
o,482.0339594302,1173.2241539236,SP2010
a,710.0040023231,1140.3342804351,SP2010
e,529.3489443023,1759.9391360594,SP2010
a,642.9711999919,1135.9979050434,SP2010
e,478.498761136,1475.5463492945,SP2010
o,447.2232983599,1254.2471755074,SP2010
o,498.8613130811,1363.199416996,SP2010
e,439.4092946814,1573.2278250615,SP2010
e,500.7723386633,1608.1646174029,SP2010
a,546.674157535,1223.623066672,SP2010
e,456.5634432544,1657.6002133377,SP2010
e,458.8354114169,1594.5149143473,SP2010
o,496.5079082671,1212.1146699343,SP2010
a,529.0462298809,1164.9897457926,SP2010
o,506.0300452407,947.7267158709,SP2010
a,728.7551226043,1251.9321092526,SP2010
i,418.167386156,1856.2005110793,SP2010
i,429.7558880045,1755.418448663,SP2010
a,687.4155529095,1176.1548332492,SP2010
u,473.7884969696,1098.9282678646,SP2010
u,465.8414938926,1174.6536950726,SP2010
a,734.3684516339,1303.4665128276,SP2010
e,447.4725624069,1656.4771372873,SP2010
a,590.3702305649,1373.9429319336,SP2010
a,537.0157061502,1232.5400567565,SP2010
a,557.7757359221,1254.2202490083,SP2010
a,661.9180282294,1255.3043867935,SP2010
o,530.1036480834,1144.9742953211,SP2010
a,510.1429323831,1492.4664165404,SP2010
o,561.9306847365,1063.7668196249,SP2010
a,556.4787883223,1139.0982265176,SP2010
a,559.3905740398,1187.7217581339,SP2010
e,465.6907701597,1559.2807144034,SP2010
u,458.4135225519,1198.2446219976,SP2010
a,681.1653793753,1179.8881284239,SP2010
a,662.509596452,1197.6951892622,SP2010
i,366.6640168001,1936.81767002,SP2010
i,445.3104462347,1882.8494348948,SP2010
e,602.3314166635,1379.3595158655,SP2010
a,615.791473308,1511.1044240526,SP2010
a,537.6840294052,1370.3357109332,SP2010
a,572.6154481833,1235.4802668421,SP2010
o,471.032452762,1161.0904257248,SP2010
o,490.3344163923,1223.9051302635,SP2010
a,631.9291042559,1173.8164211626,SP2010
a,722.9905728535,1212.9486147814,SP2010
o,564.0677229279,1215.7483487134,SP2010
a,625.0114061058,1219.6221114241,SP2010
a,653.358177089,1403.8535460025,SP2010
e,524.9222294732,1444.2040251593,SP2010
e,440.5532233776,1594.6431978425,SP2010
o,552.9785531925,959.88820051,SP2010
i,466.5638916166,1915.0201717568,SP2010
e,503.005834357,1566.5210391108,SP2010
o,539.3328182253,1055.9206709521,SP2010
o,587.3553971458,1087.5410859069,SP2010
o,458.6771589369,1219.5050961987,SP2010
i,335.2782067285,1976.7510896294,SP2010
o,509.4007203819,1219.4953959101,SP2010
o,480.397815409,1074.8709061101,SP2010
o,515.8317870899,1058.5883002644,SP2010
i,344.0059618587,1492.9556414926,SP2010
e,441.9374783618,1558.972020344,SP2010
i,401.2635996321,1978.9598671654,SP2010
e,446.8136040041,1491.0379713766,SP2010
i,469.7358600774,1513.0893328671,SP2010
e,448.99074735520003,1806.1768091187,SP2010
i,424.9906237586,1582.2010072064,SP2010
u,410.1152874531,1180.7866284601,SP2010
i,369.6690263214,1667.1779825608,SP2010
e,458.0500278477,1681.450245896,SP2010
e,555.9238172794,1436.3045187518,SP2010
i,363.67443408,1498.0782070078,SP2010
i,287.698266534,1660.4084050116,SP2010
e,460.1770417139,1748.540094817,SP2010
e,465.353648473,1429.0287517581,SP2010
e,501.8621543614,1647.5619137523,SP2010
e,447.7236876318,1655.6664266447,SP2010
i,368.8979719424,1891.0531855873,SP2010
e,518.3316474695,1624.7740110256,SP2010
o,576.2508309984,961.8113398018,SP2010
u,399.7378974734,1169.2170229445,SP2010
e,474.472139875,1470.2043192519,SP2010
i,455.2515944106,1761.0788034871,SP2010
i,365.1068613658,2055.4889854087,SP2010
e,538.1217929463,1474.7506643931,SP2010
e,512.2753385285,1491.7841111523,SP2010
o,576.8044788772,1078.8396852938,SP2010
i,417.6648214741,1761.0008908935,SP2010
i,437.533628651,1736.2447021102,SP2010
o,456.2951337378,1133.9594158286,SP2010
i,353.7591720316,1885.4019500917,SP2010
i,369.7735316708,1596.5694556932,SP2010
i,431.2041084668,1651.5678142245,SP2010
e,481.5232829779,1526.7373247324,SP2010
i,324.8629857986,1505.7681918722,SP2010
u,451.2665667997,973.9070082245,SP2010
e,456.9050062485,1710.3178168826,SP2010
e,441.4357566477,1696.3681124909,SP2010
i,421.6682853043,1832.9381019927,SP2010
e,437.8818845474,1632.5206524255,SP2010
e,448.0590772238,1549.6859922968,SP2010
u,428.6528572705,1160.0992025369,SP2010
e,434.1421542906,1459.3693631836,SP2010
u,395.6722205101,1094.4610991635,SP2010
u,384.3596156046,1087.9058786725,SP2010
o,440.889577869,1006.8716642401,SP2010
o,482.6251620563,1244.5532346214,SP2010
o,437.2161817164,1192.4873364543,SP2010
i,446.2262077624,1831.4628098122,SP2010
o,577.5034683991,1173.3919538136,SP2010
e,408.5524483484,1634.8469042458,SP2010
e,504.9964025481,1668.2843247142,SP2010
e,501.9878049209,1763.2628838324,SP2010
i,443.3435634865,1548.0912064637,SP2010
u,408.5616991033,1155.0185657914,SP2010
e,451.0262010759,1683.7603303822,SP2010
i,359.3800280795,2045.9164600143,SP2010
o,463.4034420534,1321.1631269064,SP2010
i,370.4071619833,1488.706769948,SP2010
e,422.8449363993,1712.9465196445,SP2010
o,532.9939703817,1104.1263971237,SP2010
o,453.4462827788,1095.8600012089,SP2010
e,595.2218490579,1566.9234376924,SP2010
e,450.6419249868,1888.8980906913,SP2010
u,396.6426544759,880.0543452716,SP2010
e,450.3330648068,1471.0753910234,SP2010
o,592.4910075447,1357.5465850646,SP2010
o,509.431286883,1212.7044708955,SP2010
u,433.2524280078,1062.7024936598,SP2010
u,401.590239563,993.5014333963,SP2010
e,454.6209741919,1355.0153320059,SP2010
o,569.7842019148,1312.8489895772,SP2010
e,510.3836696896,1501.5798648808,SP2010
o,518.454981956,972.7563054645,SP2010
o,435.883407026,887.5140955475,SP2010
o,497.3043836839,852.5791816119,SP2010
o,613.4064336751,1142.6295985773,SP2010
o,471.2527001887,902.1229026877,SP2010
u,367.0022530333,1128.8327922638,SP2010
u,403.4877975631,1137.2259962058,SP2010
e,474.7651428484,1561.1082882725,SP2010
e,453.0347169711,1403.1810522711,SP2010
e,433.143256947,1591.0323807327,SP2010
e,461.1858955294,1689.0118404383,SP2010
u,358.8461655782,1060.9102081618,SP2010
e,404.3792857031,1487.7544458227,SP2010
o,499.6978207201,1117.5081084128,SP2010
u,465.6045987284,926.4066097336,SP2010
e,557.3100772949,1365.7234643999,SP2010
o,469.748389211,1177.2214145578,SP2010
u,407.8740752735,997.4687315635,SP2010
u,433.0623139995,1147.6365075168,SP2010
o,476.5094103059,1077.6030375436,SP2010
o,535.5036650318,1218.1250351375,SP2010
o,507.7199451708,1059.9559482999,SP2010
o,483.5234184576,1263.1316367778,SP2010
o,533.7249721925,1253.6455733009,SP2010
o,468.83996819,1014.1280078953,SP2010
o,528.4614112508,1228.4670879211,SP2010
o,486.4314516898,1157.5597989963,SP2010
o,500.7761456679,925.6702567666,SP2010
o,567.6473190094,1139.2935519901,SP2010
o,465.3078145113,1102.2339751855,SP2010
u,414.522251067,937.8789377865,SP2010
a,655.3501283088,1230.3492194166,SP2010
a,794.6065900453,1421.5810919549,SP2010
o,473.7319172105,1005.6237470299,SP2010
e,519.3389265555,1481.140640615,SP2010
u,318.1930692502,888.7923394656,SP2010
u,363.9604716225,1048.5530017486,SP2010
a,629.8040809601,1134.9753279317,SP2010
i,280.5608189441,2388.3821602713,SP2010
e,478.7618920052,1444.1620415685,SP2010
u,399.4271184091,978.1364813551,SP2010
a,620.3050982566,1184.2604223222,SP2010
a,639.5229304072,1150.5055240982,SP2010
i,377.1220403554,2255.144552818,SP2010
a,715.7714616635,1118.8598786615,SP2010
e,347.5160024897,1632.8090827541,SP2010
a,661.2195556991,1133.0469669634,SP2010
a,608.7105640501,1160.8808236757,SP2010
o,516.0044248737,1072.2209905099,SP2010
i,365.8947575291,1887.8787477517,SP2010
e,470.5817383466,1626.6954237326,SP2010
a,657.4077368314,1242.2543711813,SP2010
u,447.1943972178,967.3525876007,SP2010
o,475.4143925951,1111.8902504427,SP2010
o,551.0635738692,802.06985688,SP2010
o,456.9918505299,929.7195047923,SP2010
o,541.681370511,882.6173044649,SP2010
i,334.835622079,1986.9789742322,SP2010
a,681.8076159069,1107.6805037235,SP2010
o,444.2244696494,968.3196304488,SP2010
e,488.5074418456,1716.7069715933,SP2010
i,294.5336187399,2015.4122227822,SP2010
i,431.5224432107,2385.9281714391,SP2010
u,315.951878157,1075.184680146,SP2010
e,447.0090181015,1725.6752772196,SP2010
a,615.0496065134,1009.2077963643,SP2010
a,587.4725466142,1175.2126094853,SP2010
a,552.8657144895,1228.0037386233,SP2010
a,636.161465155,1106.3042972618,SP2010
i,215.7910236842,1656.5454017495,SP2010
o,419.8718330036,1059.6832904124,SP2010
a,668.6314746884,1312.418821729,SP2010
u,340.0090623477,939.1640144603,SP2010
u,336.8111633314,782.8638185789,SP2010
o,510.6031641677,1027.6081690858,SP2010
i,284.5465299879,2153.946830467,SP2010
a,597.6202178371,1175.5298095578,SP2010
i,297.0708894812,1950.0872510514,SP2010
a,628.5014119804,1143.5656499275,SP2010
i,318.596170625,1971.6287040889,SP2010
a,677.9476402392,1299.4281001045,SP2010
a,675.4956923825,1351.9096921021,SP2010
u,363.7609899526,897.3908195009,SP2010
u,281.8683294847,992.2482310443,SP2010
a,589.3216323597,1129.1449039018,SP2010
i,289.7057935463,1797.5151137746,SP2010
a,745.4622453889,1194.4012692508,SP2010
a,670.9374576003,1131.3003808856,SP2010
a,717.0445342847,1183.7694488492,SP2010
a,644.8650673353,1066.8473033908,SP2010
i,239.7944943995,2340.7281763414,SP2010
i,280.6493985471,1960.8675831635,SP2010
i,316.5608983199,1882.4306800554,SP2010
i,392.777583653,2188.790331814,SP2010
i,313.9415308883,2412.8195460639,SP2010
a,560.9124212828,1141.174566913,SP2010
i,326.5976646219,2228.6257826638,SP2010
i,289.1093621434,1893.2136549679,SP2010
a,625.6868511278,1245.2562541135,SP2010
o,474.1796900896,882.993593618,SP2010
a,644.5729306228,1216.3985140716,SP2010
u,399.349347187,868.0691277964,SP2010
e,414.4610178012,1856.1292861704,SP2010
a,654.8525938639,1266.5389875043,SP2010
i,239.3047210999,2217.1275696368,SP2010
o,433.6771106194,1022.4073800335,SP2010
e,501.6936786101,1568.5835441262,SP2010
a,587.9871147795,1278.519087693,SP2010
a,626.556846873,1154.4517071166,SP2010
i,363.7634240465,1768.8570115998,SP2010
e,432.2054273525,1899.8756143238,SP2010
i,302.9127904891,2145.9872694364,SP2010
i,400.3253443991,1910.9554594133,SP2010
e,501.8056141838,1490.6409661627,SP2010
i,351.8127085892,2097.8558859303,SP2010
i,249.55612731,2027.8049938118,SP2010
e,476.4210154745,1799.7142833641,SP2010
u,397.3004411384,816.1243415307,SP2010
i,125.8944142328,1575.8325041739,SP2010
i,313.4994907896,2347.6739436886,SP2010
i,273.6347745391,1665.1540032417,SP2010
e,329.134930322,1707.0869221376,SP2010
o,408.333825076,984.0790619537,SP2010
o,466.1353566542,1043.1026720157,SP2010
i,325.4832079444,2159.7106587337,SP2010
i,282.9123445263,1944.2645700186,SP2010
e,482.6101302761,1542.1349617921,SP2010
i,267.2694135985,2105.8252219073,SP2010
e,434.4460103842,1746.1377704829,SP2010
e,453.1645841712,1732.2214722487,SP2010
e,536.6517454763,1689.8394097026,SP2010
e,519.0565467961,1709.0133548745,SP2010
e,405.5605178333,1932.4492670048,SP2010
e,469.3387894449,1463.3734055919,SP2010
e,545.7179154837,1613.2708308581,SP2010
o,508.6391089913,1058.875180722,SP2010
o,459.6128143267,1059.9284097828,SP2010
e,457.2502543464,1766.4666203901,SP2010
e,538.6974758878,1823.0685714871,SP2010
e,488.13475043,1515.6026988158,SP2010
e,462.3227328377,1569.5429736522,SP2010
e,474.1084777587,1747.2454855386,SP2010
e,450.3720368116,1760.4038894438,SP2010
e,505.4711376789,1559.521915539,SP2010
e,385.9545716869,1606.4190179786,SP2010
e,507.7213791987,1394.9770656545,SP2010
e,459.9437573098,1659.2708542381,SP2010
o,455.9439346825,948.3527915135,SP2010
e,426.2026879804,1725.4907010981,SP2010
e,400.132301285,1696.6906481306,SP2010
e,411.9882693881,1676.8689221654,SP2010
e,396.6378513697,1773.3869408549,SP2010
e,463.7170102792,1676.350129584,SP2010
u,390.9241603047,892.7440797235,SP2010
e,483.8875481231,1498.4189271209,SP2010
e,450.90121986729997,1532.4822147643,SP2010
e,401.6584403411,1938.7752429997,SP2010
e,454.4599728602,1724.7422583332,SP2010
o,449.5403975981,756.0127245918,SP2010
o,493.9648810533,850.7225513231,SP2010
o,425.3074261059,860.7560357358,SP2010
e,481.1290993231,1603.925164383,SP2010
u,192.1949578365,916.152831574,SP2010
e,513.3677315707,1471.229165324,SP2010
o,491.2149503766,860.5929936623,SP2010
o,466.6690875255,799.3096556034,SP2010
u,427.7942859663,830.5909722652,SP2010
e,343.6659554647,1624.6052478275,SP2010
u,297.1109624917,953.2021416133,SP2010
e,469.3734624579,1847.0609483757,SP2010
o,478.650203389,1051.5479642222,SP2010
o,490.2328905931,1018.7207754814,SP2010
o,470.0728786135,958.2728433652,SP2010
o,501.8179442552,713.6154254495,SP2010
e,466.540232142,1457.4183865088,SP2010
o,328.588210496,1405.2033134337,SP2010
o,551.2424895208,1087.2206473085,SP2010
e,395.1707999879,2121.5501400555,SP2010
u,500.4663080946,918.6633064553,SP2010
o,490.2320665238,1087.0746455075,SP2010
e,383.818435879,2014.3609405515,SP2010
e,469.8657472802,1387.6090460638,SP2010
u,355.3978029865,763.6028007177,SP2010
o,527.7578381562,1130.1032935185,SP2010
e,443.130252411,1855.299275596,SP2010
e,426.8032186582,1690.1402872565,SP2010
o,473.0604736462,1141.9892820428,SP2010
o,529.6443016983,1007.4632856441,SP2010
e,540.3970104146,1459.6104126915,SP2010
o,484.1064005773,1027.6887353252,SP2010
u,301.1224274073,750.0983090866,SP2010
o,410.6131765231,950.3369474679,SP2010
o,597.1030488751,1123.2739299983,SP2010
o,503.4859203862,1098.003698984,SP2010
o,467.500252705,1043.3539221031,SP2010
o,517.0204379631,1052.6795212643,SP2010
o,435.5717442637,1106.8090165252,SP2010
o,441.5904514847,1018.2987214368,SP2010
o,517.8067634312,1022.7612184206,SP2010
o,482.4048740889,1120.1519439969,SP2010
o,574.0829665938,1168.8845570449,SP2010
o,524.0300862636,973.9954353091,SP2010
o,460.0323219544,924.6712725791,SP2010
o,547.2435022637,1042.4340698253,SP2010
o,474.3748318699,987.756591921,SP2010
o,593.3971007447,1006.9645583471,SP2010
a,663.9932020932,1159.9576808952,SP2010
o,389.9569370728,997.9454348917,SP2010
a,437.5493502404,1366.992654599,SP2010
a,556.7912604335,936.3715862429,SP2010
a,443.6530060277,1084.6293880566,SP2010
e,477.5445359617,1649.927610191,SP2010
a,688.7597034193,1144.1537919159,SP2010
a,650.1562225884,1274.1691594649,SP2010
i,375.5749366962,1838.6459913329,SP2010
e,381.0603396021,1495.8319314654,SP2010
o,496.8406993345,821.1349601475,SP2010
e,373.1424844255,1387.2982143268,SP2010
o,400.1549794662,1167.6931832668,SP2010
e,429.2567100416,1230.9640749499,SP2010
a,661.2366012707,1126.5957624582,SP2010
i,341.7867773732,2236.4310298315,SP2010
e,424.8478024768,1279.4364474765,SP2010
a,755.6000691581,1210.0034122343,SP2010
e,442.2505376474,1717.0155277998,SP2010
a,685.9394292935,1159.4201553038,SP2010
u,382.4445982105,1023.7463006587,SP2010
u,340.7471417963,1045.7196703827,SP2010
u,304.8492723358,1035.1774579008,SP2010
a,612.5915844656,970.8097752334,SP2010
o,443.8238984222,1245.041975985,SP2010
e,366.6002920678,1610.5639169445,SP2010
o,485.4790176578,1017.5255347463,SP2010
u,355.3861979163,974.9300162421,SP2010
a,616.2387921261,1055.8468632499,SP2010
o,442.6240539578,941.5010239293,SP2010
a,589.5310539016,1317.1055626003,SP2010
e,441.7978195704,1988.0257424585,SP2010
a,640.4976740172,1128.9524903944,SP2010
a,598.9745655221,1037.4206425779,SP2010
a,684.0454082323,1453.2815862415,SP2010
i,338.6677252294,2132.2930600333,SP2010
o,424.4076407565,1214.4406107891,SP2010
u,224.4543262813,942.1623607522,SP2010
a,496.6142060088,1289.2900427892,SP2010
a,430.1957103611,1126.5974711989,SP2010
u,373.4283706603,880.0679436049,SP2010
e,424.6722340425,1674.7272322654,SP2010
i,335.1881427193,1681.6464399678,SP2010
i,366.626164258,1672.8431944199,SP2010
i,356.1392381555,1973.9139349544,SP2010
i,337.9188020196,1750.4716542981,SP2010
o,452.9253731458,1125.2958466767,SP2010
i,304.0419376715,1530.8816772929,SP2010
o,481.8425398118,1026.1487879006,SP2010
o,419.1941158979,986.4027876572,SP2010
i,301.3156619551,1406.1417684379,SP2010
a,619.0746362323,1307.6801061126,SP2010
a,600.4336930517,1392.7114372067,SP2010
o,531.2519156016,1057.2240800349,SP2010
a,604.3630969514,1202.786800246,SP2010
u,341.5329270858,903.1803456085,SP2010
o,492.95482236,907.6482262284,SP2010
e,381.949701759,1606.1596340171,SP2010
o,596.1120806883,978.6043221137,SP2010
o,447.4882014199,972.0031536313,SP2010
i,312.8333000021,1704.602783314,SP2010
e,333.5833420338,1551.5085890085,SP2010
o,460.0950604539,788.6745440695,SP2010
o,487.895939284,989.3767355814,SP2010
u,380.7465742258,971.932895189,SP2010
e,428.2353300871,1874.1548550779,SP2010
e,389.0828191079,1302.2956321087,SP2010
a,605.449421787,1017.8146240749,SP2010
e,406.7305887454,1879.8054723807,SP2010
a,553.3175509851,1022.8946248629,SP2010
o,565.8436574948,1022.6014926563,SP2010
a,548.8476035724,1257.1494496725,SP2010
o,422.6871051123,814.0842086435,SP2010
a,589.9470742909,1188.909747839,SP2010
o,499.1432894316,1078.9283013303,SP2010
i,302.8791019238,1966.008446987,SP2010
i,367.7840086318,1989.257049881,SP2010
a,612.1968553643,1367.3769971011,SP2010
o,509.5875421442,1010.4828484949,SP2010
u,384.9710922289,825.1065704032,SP2010
i,289.3684201206,1309.7409657649,SP2010
a,564.7613695975,1271.7286252562,SP2010
e,446.6817350312,1563.2259345282,SP2010
a,579.761014194,980.3776374017,SP2010
i,342.0667894773,1955.8399403863,SP2010
a,666.8633972683,1143.7013245727,SP2010
a,614.2655104031,1097.2566673265,SP2010
o,427.7592485662,1084.2402279454,SP2010
e,444.1466629582,1929.640884487,SP2010
e,391.7370447141,2111.8830711405,SP2010
e,461.7948999642,1118.4615216955,SP2010
u,306.9669377671,838.265328532,SP2010
i,319.3785572124,2213.7930627669,SP2010
i,339.9038496934,1666.7865524822,SP2010
i,306.5587192118,2090.1869257013,SP2010
u,356.1847144396,1051.1441624491,SP2010
i,393.4581195613,1908.311702248,SP2010
i,331.2866701603,2119.3203410335,SP2010
i,328.3601581808,1998.6629659801,SP2010
i,286.6881341926,1680.7600329244,SP2010
i,233.8338460997,1481.974992163,SP2010
i,372.1497370999,1983.470371892,SP2010
i,291.6522872539,1931.2975305695,SP2010
e,356.6464674645,1443.0004387971,SP2010
i,363.19661764480003,1880.0464900165,SP2010
e,510.4538945149,1523.3962639194,SP2010
o,427.552274968,898.6717634362,SP2010
i,271.9835493139,2192.6370667839,SP2010
u,336.8738589487,979.8801737066,SP2010
e,419.8177395096,1951.5081644379,SP2010
e,379.6622586096,1805.9056202187,SP2010
u,334.9354405563,1022.9398818818,SP2010
e,394.575538811,1493.1337342758,SP2010
i,352.5189050362,1545.9688552712,SP2010
i,341.7753322357,1509.4253866542,SP2010
e,327.4501079525,1828.1188290926,SP2010
e,408.8590510594,1999.6677215626,SP2010
o,467.8050145765,904.8809638578,SP2010
i,334.1875270652,2077.1679786189,SP2010
i,326.9737977231,2003.6769014034,SP2010
e,441.2117889603,1471.9772847447,SP2010
u,359.4352665568,991.1208197857,SP2010
e,499.6854154387,1672.2687094334,SP2010
o,424.5617646022,857.0321296378,SP2010
o,519.3415201753,878.974814616,SP2010
o,418.1826341729,1024.1793625902,SP2010
e,399.4184292848,1526.9045862211,SP2010
e,408.4761956035,1805.3020647129,SP2010
o,524.6204096287,965.8010422811,SP2010
e,396.123918935,1805.5583513736,SP2010
o,417.253353086,999.2529987469,SP2010
o,446.622946844,982.2322385732,SP2010
o,367.7616390922,1049.5936268124,SP2010
e,416.5815096898,1953.3471333203,SP2010
e,490.1351919798,1408.2607862984,SP2010
o,458.0261674442,974.6031469586,SP2010
o,485.2049031361,943.5674278654,SP2010
o,409.5640124052,1274.0942934527,SP2010
e,381.5453747372,1264.8977068821,SP2010
o,376.5285727458,1023.3219125539,SP2010
o,350.2672104013,1135.7950789459,SP2010
e,385.6122128065,1977.8740638153,SP2010
u,394.9757469599,846.4969097818,SP2010
e,409.7034790462,1677.8136015919,SP2010
e,475.9219306417,1788.9785893538,SP2010
e,471.2206094325,1783.2187438382,SP2010
o,458.2736133993,1024.1950577525,SP2010
o,520.3676918326,921.2421404863,SP2010
e,475.7833779767,1490.411142541,SP2010
e,441.3311916964,1904.6309641986,SP2010
o,553.3109801695,1191.1887189259,SP2010
u,301.5662281768,762.6751854046,SP2010
u,359.4308736606,969.3067584438,SP2010
u,345.1980453971,965.6825402389,SP2010
e,407.1668926721,1550.5523494293,SP2010
e,520.9247669006,1731.5983393652,SP2010
u,401.6756072752,929.5080332357,SP2010
o,438.0625519212,921.0854268501,SP2010
e,403.42874887200003,1588.9489960681,SP2010
e,412.776474366,1985.1205133905,SP2010
e,481.5463623985,1737.7357901236,SP2010
e,407.7480181131,2190.0040280683,SP2010
e,466.7115728747,1565.5146941823,SP2010
e,411.4065208703,1815.3834817121,SP2010
o,549.0273797491,988.6663342968,SP2010
o,521.5574229618,826.539788472,SP2010
e,460.7137295244,1249.2398310554,SP2010
u,341.4645643385,925.1529136252,SP2010
e,412.0222873793,1827.457847832,SP2010
o,446.7937507525,1181.5989217739,SP2010
o,351.3245016003,1224.8585502783,SP2010
o,472.4834627112,1032.4649535068,SP2010
o,356.3232334558,842.2278442251,SP2010
o,399.8473244317,882.5632548259,SP2010
o,428.1351250919,832.7002012128,SP2010
o,363.5995766632,786.1817644939,SP2010
o,343.6052288939,933.852484035,SP2010
o,608.39965186,1383.9105007617,SP2010
o,541.0008629879,1244.3806872259,SP2010
e,525.1929390449,1706.081572384,SP2010
a,943.320732823,1824.1296850997,SP2010
e,557.0745136359,1930.8837048681,SP2010
u,496.8739168026,1407.6377146119,SP2010
e,549.6630577755,2130.8382120743,SP2010
a,705.5316992742,1745.5423839426,SP2010
o,614.2782788354,1289.2908138525,SP2010
o,536.541759039,1522.2216780284,SP2010
i,419.4642037426,2167.7720902143,SP2010
o,734.8243905331,1362.5946063531,SP2010
a,851.9273482898,1699.2865297098,SP2010
a,698.5276314011,1476.111926108,SP2010
i,347.3603365043,2098.5385172388,SP2010
o,750.2481815266,1267.4284010427,SP2010
i,475.9906355645,2333.8077141691,SP2010
a,624.2940208931,1749.6637745036,SP2010
a,772.2432487632,1497.7151090341,SP2010
e,516.3283570946,1610.9882661616,SP2010
a,777.2803561394,1393.1600910247,SP2010
e,500.4652573819,1734.6731886248,SP2010
u,470.9705484217,1302.752049592,SP2010
o,464.7535044108,1427.1251502505,SP2010
i,400.534868233,2164.3850038379,SP2010
a,652.9098752257,1844.8535204111,SP2010
a,701.2685322761,1511.1735469567,SP2010
a,707.1155132138,1680.8997854345,SP2010
i,487.754441768,2086.4798181847,SP2010
a,843.7248020437,1290.188435104,SP2010
i,397.7869563391,2280.7199800438,SP2010
i,431.7574480089,2257.5450880049,SP2010
o,740.2622615725,1522.8418632291,SP2010
a,786.9767795641,1370.3769701135,SP2010
i,398.46385027,2382.3561246001,SP2010
a,647.7521623943,1811.6806317653,SP2010
a,589.7012297409,1750.0277681071,SP2010
a,635.2778757118,1556.1161146425,SP2010
a,683.0824511838,1403.3589097788,SP2010
i,379.3330523467,2118.2791453715,SP2010
a,812.3900288773,1638.5810517243,SP2010
a,835.2804529805,1596.8423240467,SP2010
i,394.7890882017,2379.0342383493,SP2010
a,766.4737473553,1618.0909589921,SP2010
e,512.0583565074,1945.122586637,SP2010
i,449.6980326495,2142.8454271544,SP2010
i,396.2767176058,2124.1844403212,SP2010
e,535.2848249503,1912.7529253261,SP2010
i,318.9715769129,2010.2815810317,SP2010
a,851.6402938332,1429.9237450717,SP2010
i,300.2311093417,1924.8066746699,SP2010
a,677.5609618597,1432.8528339794,SP2010
a,702.0661030816,1650.3501416269,SP2010
a,877.9260871586,1625.1505501197,SP2010
o,758.9555451949,1459.1863887606,SP2010
i,369.1957981529,2418.9966144484,SP2010
a,822.0405872332,1642.6597616487,SP2010
u,502.9962073015,1354.1382645755,SP2010
o,572.954401442,1288.4410050261,SP2010
i,382.1453388284,2339.9489349884,SP2010
a,907.2876638267,1839.7588936195,SP2010
i,409.2491385693,2379.6741065001,SP2010
a,624.2432330896,1572.5188326548,SP2010
o,482.0291813985,1012.4092910198,SP2010
o,610.003417222,1280.2421024967,SP2010
a,827.3519477726,1480.9905468234,SP2010
a,644.0105084633,1764.9821672433,SP2010
a,680.9803668148,1849.9357342232,SP2010
e,422.0617410537,2144.9685183017,SP2010
a,648.0396196819,1423.1980014243,SP2010
e,389.909571779,2206.0872751105,SP2010
i,396.2665457705,2078.7655441141,SP2010
e,659.2950574893,2018.1170722437,SP2010
e,626.4473705199,2006.4528860315,SP2010
e,806.0786858845,2097.6868754421,SP2010
i,369.5011679156,2011.9870976743,SP2010
i,286.0287026333,2004.9041974379,SP2010
o,513.7810632614,1471.3743277838,SP2010
i,356.4985803717,2007.5723362827,SP2010
e,556.6414152202,1957.0702226826,SP2010
e,385.6573366886,2067.0435309434,SP2010
i,364.7209943842,1956.0433672929,SP2010
o,574.7974943344,1518.326459831,SP2010
i,428.8636177543,2097.9730124094,SP2010
e,606.3393205254,1713.1392694348,SP2010
i,206.7663382194,1994.629836622,SP2010
e,551.8115848582,2140.5607236713,SP2010
e,615.4787842149,1852.6915926631,SP2010
i,451.0374069385,2290.9452827947,SP2010
u,428.6274030541,1369.3166052051,SP2010
u,284.7239365943,1421.9122200916,SP2010
e,443.5225515438,1877.7357671398,SP2010
o,608.9874913858,1117.844915146,SP2010
o,486.4404277901,1263.1933960426,SP2010
u,441.7116068946,1359.9456964259,SP2010
o,635.4418824469,1322.3737361123,SP2010
u,450.9676835564,1267.2029901881,SP2010
o,656.5298006151,1335.1935372905,SP2010
i,429.1814800301,2055.5343602224,SP2010
e,769.8176177248,1937.6752325674,SP2010
e,690.7600211023,2074.399406304,SP2010
i,323.7057285005,2160.7376894627,SP2010
i,338.8054076421,2333.7287832109,SP2010
e,488.3188273358,2102.5755954777,SP2010
o,406.0013772008,1064.5118734859,SP2010
o,598.7239572313,1334.940954387,SP2010
o,665.0313346577,1149.3016657169,SP2010
e,477.586076633,1910.7664112733,SP2010
e,484.605805456,1969.0278480973,SP2010
e,591.8459350432,2099.5497542693,SP2010
e,456.8874651725,2301.3878772095,SP2010
e,724.1306090071,2095.8692668498,SP2010
o,639.6101918599,1148.5186566363,SP2010
o,655.058524462,1231.9738494688,SP2010
e,606.8234216506,2112.0798762009,SP2010
o,666.9959646279,1338.380889553,SP2010
o,513.8060315685,1026.6678216415,SP2010
e,493.2689402454,1870.9621507222,SP2010
o,518.0845347406,1330.7144249302,SP2010
o,490.7037420096,1366.7391651763,SP2010
o,392.3715218571,1100.5472580345,SP2010
o,563.0406224357,1321.8510731769,SP2010
u,523.5276159883,1235.6608905193,SP2010
o,643.5545408847,1465.9770820608,SP2010
u,434.1952902755,1357.0602257209,SP2010
o,463.2776804743,1437.3889580731,SP2010
o,635.8180517072,1321.4081395694,SP2010
u,420.174485856,1068.4118597059,SP2010
e,708.5078455619,2035.4278409163,SP2010
o,579.6371589592,1334.5964496801,SP2010
e,472.3008450661,2002.556474948,SP2010
e,520.4912766991,2070.8864314417,SP2010
e,459.5563089649,2211.5942445607,SP2010
e,448.5515628091,2421.6773871618,SP2010
u,423.5245974412,1278.7718791328,SP2010
u,295.1717289767,1128.1690040522,SP2010
e,531.9664612279,1859.4602720029,SP2010
e,476.4093918117,1784.0585039416,SP2010
e,552.5789902288,1977.5461101551,SP2010
u,431.7313062561,930.248507852,SP2010
o,593.7015557095,1433.9048472904,SP2010
o,622.8713355582,1381.0119826317,SP2010
o,686.1596718578,1340.4137479381,SP2010
e,507.2423340235,1916.117471018,SP2010
e,623.9045469388,1924.1421566255,SP2010
e,618.2409939496,1951.1533756584,SP2010
e,440.2828708527,2102.6076518432,SP2010
e,476.7433564959,1507.8514296037,SP2010
e,465.2351513814,2201.2837945308,SP2010
o,497.8946016751,1153.1354748471,SP2010
o,525.9077430334,1077.7804423205,SP2010
u,491.5943368958,1216.0099253694,SP2010
u,418.7616679889,1202.4433758577,SP2010
o,504.2752181067,976.9554200253,SP2010
o,480.3792803265,1424.9536199101,SP2010
e,547.6250259281,2234.6865421752,SP2010
e,490.3310309617,2175.9836087143,SP2010
e,566.4008502851,1795.6123669652,SP2010
e,476.3366549885,2282.1240900065,SP2010
e,555.5254486848,2174.9894250115,SP2010
e,539.8196114094,2107.9026320187,SP2010
o,653.861300375,1385.4313869879,SP2010
o,563.3008456324,1198.504326769,SP2010
u,433.7292376506,1257.8275299607,SP2010
o,511.1623252879,1305.4410785415,SP2010
e,493.5649611258,1905.3625324834,SP2010
u,406.7140902409,1315.7800849426,SP2010
o,569.7286569395,1140.3121384866,SP2010
o,533.476286347,1114.4367430575,SP2010
u,430.3707859057,1252.5375118179,SP2010
o,534.9802460823,1186.5519186031,SP2010
o,439.628365522,1271.2027442147,SP2010
u,420.6486820258,1424.5927402255,SP2010
o,545.9499234616,1340.9564031252,SP2010
o,438.7625718345,1113.970240332,SP2010
u,494.6456377187,1232.9265528218,SP2010
u,443.1692007667,1156.1450317751,SP2010
o,805.3145035726,1311.5338368054,SP2010
o,706.4453215291,1502.1470469296,SP2010
e,578.7566901515,1869.4905869449,SP2010
e,509.1578298868,1998.1147694842,SP2010
a,705.8463265136,1099.0874493726,SP2010
o,623.1119286947,1112.3499895881,SP2010
o,536.1191766827,951.0644814913,SP2010
a,788.9790974366,1526.5613333072,SP2010
o,625.4295668321,856.2871537165,SP2010
a,767.4446384936,1513.7780590586,SP2010
a,591.7197512131,1693.3864817071,SP2010
e,496.5659285737,2191.8440687653,SP2010
a,768.8781421002,1407.9016424816,SP2010
a,780.0533611169,1507.6996387733,SP2010
u,586.3852332046,887.8227981695,SP2010
a,669.3916470884,1716.9557549978001,SP2010
o,581.4552171938,1100.8226286643,SP2010
i,515.7456409915,1882.8732070517,SP2010
e,560.2985899507,1948.3197446951,SP2010
a,790.339685104,1666.360821155,SP2010
i,539.2531417662,1808.0668687773,SP2010
a,716.7202892991,1757.3562929561,SP2010
u,490.2447758762,894.1711095029,SP2010
e,558.9157034289,2044.5086284669,SP2010
e,453.0708910242,2311.5678227827,SP2010
u,620.920015905,1116.7179025963,SP2010
o,627.8030144295,1307.8616156384,SP2010
a,786.8128357157,1363.1308141599,SP2010
u,480.0000333553,936.9376966445,SP2010
o,509.8322536652,975.9202404526,SP2010
o,620.9416137808,1356.3166302722,SP2010
o,710.641732688,1207.8791898245,SP2010
o,628.6716895707,1360.2979849121,SP2010
o,557.3603006294,1190.4649102023,SP2010
a,777.4833610458,1316.6850408535,SP2010
a,723.4865356898,1726.8625810515,SP2010
a,691.5512228331,1552.3759486729,SP2010
a,725.0891108699,1337.3039915635,SP2010
a,786.3689873051,1499.4290222555,SP2010
u,582.6747891586,918.6941094192,SP2010
a,766.150042875,1582.6455637665,SP2010
a,702.617289495,1681.9046593402,SP2010
a,701.8357875363,1765.9051499911,SP2010
o,570.3470301277,1149.4258893432,SP2010
e,603.2293049429,1934.1762575898,SP2010
o,526.0071148886,1063.2437725432,SP2010
i,439.3449564588,2400.8717401063,SP2010
a,697.202841204,1478.5488178659,SP2010
a,803.2035509572,1467.5959075029,SP2010
u,510.8095756764,978.6241830841,SP2010
a,596.88144023,1741.5095095123,SP2010
a,735.5068680048,1521.6421746325,SP2010
u,506.3028023038,956.4998131149,SP2010
a,749.8013892779,1424.5281059892,SP2010
o,647.0445222779,1255.3969712855,SP2010
a,556.6940954086,1367.2379033542,SP2010
i,440.1596162316,2426.4584751695,SP2010
o,587.1218380025,1158.7093717234,SP2010
i,501.2692365229,1989.6532944221,SP2010
i,433.3037056973,1820.0803991988,SP2010
e,572.452694707,2238.9162089545,SP2010
i,403.1877653994,2002.3433863072,SP2010
i,448.2166325288,2348.7778264783,SP2010
a,736.3892909272,1914.2810397614,SP2010
a,665.7418399352,1450.2789708095,SP2010
a,791.5138708287,1603.9755597659,SP2010
e,520.4571072245,2192.8215712885,SP2010
i,406.6822914335,1631.2274692903,SP2010
i,541.3546286176,1703.2272966614,SP2010
o,523.4628736541,1265.9287542135,SP2010
e,639.89294506,2424.2777343279,SP2010
o,554.6927246168,1238.1113475684,SP2010
e,550.2862746813,2385.7346545125,SP2010
a,890.8144850892,1318.8949420248,SP2010
o,589.7062949097,1114.711487465,SP2010
o,524.9907542204,1141.6345094755,SP2010
u,488.8365386122,1242.4868414765,SP2010
i,438.3374769155,2401.8296107963,SP2010
e,569.6002011827,2308.4016770212,SP2010
a,681.4865034145,1371.9963360162,SP2010
a,679.6307540396,1457.7024594576,SP2010
i,469.2589929559,1698.4284185722,SP2010
u,612.0830804132,1089.8809406727,SP2010
u,543.1493278817,1162.0716579069,SP2010
e,607.3942273913,1886.3834047546,SP2010
o,608.2263190134,1091.2531871429,SP2010
u,601.8999641591,1257.6780331604,SP2010
e,520.1435363443,2102.545855184,SP2010
u,525.6539491654,1143.6584018087,SP2010
e,586.3467857403,2232.8638242125,SP2010
o,626.2898118544,907.2064850067,SP2010
i,408.5299977388,1970.6049207096,SP2010
o,587.3688845298,1029.3036213309,SP2010
u,510.062546627,1080.350122819,SP2010
o,643.7601780067,1050.3296099696,SP2010
u,465.7284543107,1003.7077488943,SP2010
u,526.6002772851,1088.0520519947,SP2010
u,475.0870863162,1233.486016635,SP2010
o,592.8442307927,983.037800059,SP2010
o,692.4807884003,1004.3579759068,SP2010
i,533.6957355498,1913.1541250104,SP2010
e,586.7695514993,1822.2017895709,SP2010
e,497.6814132751,2350.8862784741,SP2010
u,597.6846065253,926.6385148326,SP2010
e,546.9414856616,2511.0552342011,SP2010
e,466.4044242057,2459.1864258578,SP2010
i,595.2400196951,2428.3898358522,SP2010
u,454.4560543218,1205.1528777078,SP2010
i,422.8419452717,1770.6646495879,SP2010
o,564.9959228215,834.6031360405,SP2010
i,473.383040848,2024.622008447,SP2010
i,472.0055987015,1822.8217548686,SP2010
u,506.1464937904,914.1035397368,SP2010
i,502.5169857583,1883.9750819172,SP2010
i,449.559332064,2160.9302293616,SP2010
e,649.1519461762,2119.4101453206,SP2010
e,625.2099424464,1695.6589058596,SP2010
i,486.2732871272,1935.5353199106,SP2010
o,652.191402761,1328.3277368949,SP2010
e,478.5806327163,1928.4753660202,SP2010
e,573.4049908504,1673.2625761544,SP2010
o,574.8583596691,1001.5150618616,SP2010
o,651.4696380776,1140.4116214381,SP2010
o,618.7289191563,1202.3968461792,SP2010
e,534.2727376334,2321.7431422899,SP2010
o,553.108605138,980.8137646011,SP2010
i,374.138737685,2465.9641835579,SP2010
e,629.4514538205,1705.8905607289,SP2010
u,582.5968945889,847.5804607054,SP2010
u,514.723802336,1127.8067075828,SP2010
e,760.0141222602,2199.1358439494,SP2010
o,623.7637587555,907.27593619,SP2010
e,661.3755365859,2161.4658310999,SP2010
o,631.3105675305,1336.5161995169,SP2010
e,578.4856129276,2076.2909135362,SP2010
e,643.0418379528,2102.772988164,SP2010
e,587.9720935272,2074.8012701532,SP2010
e,520.0842030531,1793.9336026143,SP2010
i,447.8665473,2518.8942610768,SP2010
e,511.9238741224,2142.868829541,SP2010
e,477.6616956681,1888.4020216739,SP2010
e,546.3321770795,1965.7810333316,SP2010
o,662.5921818094,1068.3329690424,SP2010
e,578.5771635928,1708.0405960462,SP2010
e,533.4189803186,2124.9158144992,SP2010
i,410.5573911125,2110.1155288244,SP2010
e,500.1387100997,2288.6830129863,SP2010
e,569.2521445364,2301.9724508735,SP2010
e,545.5987052046,2382.3338400515,SP2010
i,401.1851032317,2459.6265388846,SP2010
i,442.1153118969,1891.3673554073,SP2010
i,426.3750431033,1981.12134063,SP2010
i,441.3879295354,2350.8968220839,SP2010
o,567.9562546175,973.8621413746,SP2010
e,491.6402388069,2182.711933675,SP2010
o,548.9928964846,924.1891705261,SP2010
o,684.300388625,909.8505588365,SP2010
o,584.82891126,1076.0735756196,SP2010
e,466.7215542471,2144.8555990447,SP2010
i,465.9492128825,2146.9294730544,SP2010
o,716.6802719544,1457.6396127224,SP2010
i,351.1198594503,2371.1252564926,SP2010
e,774.2824481222,2010.0858279172,SP2010
o,591.4700800738,938.2970237784,SP2010
o,651.5391717984,1055.9933477447,SP2010
e,528.9098279104,2176.7918021961,SP2010
e,671.6709803138,1740.9826285644,SP2010
e,470.2568508203,1890.0633542716,SP2010
e,484.5182824955,2139.492859726,SP2010
e,558.5085577664,2087.0595192132,SP2010
e,481.7785927168,2437.6647918793,SP2010
o,560.9408945236,834.1765735959,SP2010
o,608.3038591951,898.8535404885,SP2010
o,524.1134427728,962.2496061757,SP2010
o,672.2809747389,1148.7884714938,SP2010
o,595.4812726928,1070.6975570616,SP2010
o,546.3452492179,1275.6382834077,SP2010
e,477.4406611723,1725.4066726838,SP2010
e,556.8623079684,2132.9681745827,SP2010
o,720.1803532557,1041.6441940017,SP2010
o,593.9230797097,1045.6256653899,SP2010
o,707.4791031184,1256.8748491977,SP2010
o,439.0578907342,918.11436004,SP2010
o,618.0768383142,981.0366355169,SP2010
